config_id,strategy,ema_window,signal_window,signal_level,atr_window,sl_atr,rr,direction,trades,winrate,avg_win_r,avg_loss_r,expectancy_r,profit_factor_r,total_r,max_drawdown_r,target_hit
C0286,rsi_pullback,200,14,20.0,14,1.25,2.0,short,3,0.6666666666666666,1.7787437695949415,-1.1972142258371345,0.7867577711175828,2.9714711556341236,2.3602733133527485,1.1972142258371345,True
C0290,rsi_pullback,200,14,20.0,14,1.75,1.5,short,3,0.6666666666666666,1.3420098454269516,-1.1410673441773678,0.5143174488921785,2.3522009498824974,1.5429523466765354,1.1410673441773678,True
C0284,rsi_pullback,200,14,20.0,14,1.25,1.5,short,3,0.6666666666666666,1.2783936995809302,-1.1972142258371345,0.4531910577749086,2.135613947766169,1.3595731733247258,1.1972142258371345,True
C0257,rsi_pullback,100,14,30.0,14,1.75,2.5,long,11,0.36363636363636365,2.3230778473170486,-1.149763074723051,0.1130881696551671,1.1545622613854571,1.2439698662068381,6.883204855431796,False
C0294,rsi_pullback,200,14,20.0,14,1.75,2.5,short,3,0.3333333333333333,2.354940537656915,-1.1565192005112004,0.013967378878171344,1.0181156251517454,0.04190213663451403,1.1719710568450332,False
C0052,donchian_breakout,50,96,0.0,14,1.75,2.5,long,842,0.332541567695962,2.3461380230423288,-1.2273268049308637,-0.03900120893027702,0.9523904994238336,-32.83901791929325,88.97528479827113,False
C0106,donchian_breakout,100,96,0.0,14,1.75,2.5,long,842,0.332541567695962,2.3461380230423288,-1.2273268049308637,-0.03900120893027702,0.9523904994238336,-32.83901791929325,88.97528479827113,False
C0160,donchian_breakout,200,96,0.0,14,1.75,2.5,long,826,0.3305084745762712,2.3501026895794794,-1.2269933837914542,-0.044732817168857554,0.9455448517164643,-36.94930698147634,82.01523445015023,False
C0288,rsi_pullback,200,14,20.0,14,1.25,2.5,short,3,0.3333333333333333,2.296216612691661,-1.2188468247044664,-0.047159012239090504,0.9419627496049081,-0.14147703671727152,1.2404794235717982,False
C0049,donchian_breakout,50,96,0.0,14,1.75,2.0,long,914,0.38183807439824946,1.856516598615467,-1.2291745103476293,-0.05094015911336165,0.9329583800964172,-46.55930542961255,81.58277329028246,False
C0103,donchian_breakout,100,96,0.0,14,1.75,2.0,long,914,0.38183807439824946,1.856516598615467,-1.2291745103476293,-0.05094015911336165,0.9329583800964172,-46.55930542961255,81.58277329028246,False
C0157,donchian_breakout,200,96,0.0,14,1.75,2.0,long,897,0.3801560758082497,1.859693842849995,-1.228109818009116,-0.05426249543056868,0.9287179451826097,-48.6734584012201,73.38502717483998,False
C0255,rsi_pullback,100,14,30.0,14,1.75,2.0,long,11,0.36363636363636365,1.823427777331049,-1.149763074723051,-0.06860276488519636,0.9062377743818554,-0.75463041373716,6.883204855431796,False
C0142,donchian_breakout,200,48,0.0,14,1.75,2.5,long,1176,0.3273809523809524,2.3221151146710546,-1.2352839542890122,-0.07065925909375217,0.9149580681355479,-83.09528869425256,102.75514591802676,False
C0139,donchian_breakout,200,48,0.0,14,1.75,2.0,long,1269,0.37903861308116626,1.8259720158502017,-1.2342656077409457,-0.07431738319615289,0.90303451230983,-94.308759275918,104.93830646581077,False
C0046,donchian_breakout,50,96,0.0,14,1.75,1.5,long,1000,0.443,1.3678034864560982,-1.2273585599874806,-0.0777017734129752,0.8863408824324949,-77.7017734129752,97.32355130024838,False
C0100,donchian_breakout,100,96,0.0,14,1.75,1.5,long,1000,0.443,1.3678034864560982,-1.2273585599874806,-0.0777017734129752,0.8863408824324949,-77.7017734129752,97.32355130024838,False
C0154,donchian_breakout,200,96,0.0,14,1.75,1.5,long,981,0.44240570846075433,1.3696634901316131,-1.2265714347895498,-0.07798228349924952,0.8859790164604938,-76.50062011276377,91.63069209722406,False
C0186,rsi_pullback,50,7,30.0,14,1.75,2.5,short,256,0.3203125,2.282199924234033,-1.195307055152495,-0.08141810081774749,0.8997851220637797,-20.843033809343357,29.844647189082554,False
C0031,donchian_breakout,50,48,0.0,14,1.75,2.0,long,1414,0.3741159830268741,1.82789019237694,-1.235193874740005,-0.08924516787659355,0.8845601589164599,-126.19266737750328,145.2732908667828,False
C0088,donchian_breakout,100,48,0.0,14,1.75,2.5,long,1284,0.32165109034267914,2.3237393808525977,-1.2351244526086917,-0.09041202019474116,0.8920898435313942,-116.08903393004765,140.63531661000079,False
C0034,donchian_breakout,50,48,0.0,14,1.75,2.5,long,1303,0.3215656178050652,2.322756258077979,-1.2348466065048915,-0.09084384345023086,0.8915637130087142,-118.36952801565081,139.44277362933536,False
C0085,donchian_breakout,100,48,0.0,14,1.75,2.0,long,1392,0.3728448275862069,1.8289603209284362,-1.2354503601032574,-0.09290068808066479,0.8801001549302112,-129.3177578082854,148.39838129756492,False
C0136,donchian_breakout,200,48,0.0,14,1.75,1.5,long,1387,0.4419610670511896,1.3406021901314302,-1.2336442713969433,-0.09592755840711414,0.8606557845305107,-133.05152351066732,138.3156024374911,False
C0218,rsi_pullback,100,7,20.0,14,1.75,1.5,short,71,0.4507042253521127,1.3068551687367285,-1.255967550998775,-0.10089252238559045,0.8537572643888925,-7.163369089376921,16.5670395410142,False
C0185,rsi_pullback,50,7,30.0,14,1.75,2.5,long,308,0.3116883116883117,2.3295990389081194,-1.2063128471561617,-0.10421044111015194,0.8744935236515721,-32.0968158619268,64.4868992603049,False
C0043,donchian_breakout,50,96,0.0,14,1.25,2.5,long,994,0.33601609657947684,2.312604880339641,-1.3335607570880434,-0.10839041211737278,0.8775889820565018,-107.74006964466855,128.26085133150988,False
C0097,donchian_breakout,100,96,0.0,14,1.25,2.5,long,994,0.33601609657947684,2.312604880339641,-1.3335607570880434,-0.10839041211737278,0.8775889820565018,-107.74006964466855,128.26085133150988,False
C0301,rsi_pullback,200,14,30.0,14,1.75,1.5,long,88,0.42045454545454547,1.3430633187823828,-1.1622944348787003,-0.1089053793621085,0.8383239575528624,-9.583673383865548,22.25482704301654,False
C0151,donchian_breakout,200,96,0.0,14,1.25,2.5,long,975,0.3353846153846154,2.315974678024555,-1.3326883252567845,-0.10898288723319688,0.8769563159322665,-106.25831505236695,121.98965868522833,False
C0169,rsi_pullback,50,7,20.0,14,1.75,1.5,long,14,0.42857142857142855,1.345360515515953,-1.21196121132848,-0.11596618553800875,0.8325517163465458,-1.6235265975321225,3.5901936622874766,False
C0028,donchian_breakout,50,48,0.0,14,1.75,1.5,long,1537,0.4339622641509434,1.3419420924403895,-1.2341479652130685,-0.11622209113703952,0.8336295969935381,-178.63335407762975,188.4261277389649,False
C0183,rsi_pullback,50,7,30.0,14,1.75,2.0,long,310,0.3580645161290323,1.835865320921002,-1.2099313591881742,-0.1193396446974694,0.8463499786453182,-36.995289856215514,55.788662615872234,False
C0082,donchian_breakout,100,48,0.0,14,1.75,1.5,long,1514,0.43262879788639363,1.342068460187452,-1.2339985848280306,-0.11951779586822803,0.8292932771501526,-180.94994294449722,190.74271660583236,False
C0184,rsi_pullback,50,7,30.0,14,1.75,2.0,short,258,0.35658914728682173,1.8063266835681464,-1.1893136908447435,-0.12110084415487576,0.8417432035809975,-31.244017791957948,42.477416663818815,False
C0148,donchian_breakout,200,96,0.0,14,1.25,2.0,long,1034,0.3829787234042553,1.8316655593092914,-1.338217208342786,-0.1242195526462458,0.8495600395146415,-128.44301743621816,146.3722497396867,False
C0254,rsi_pullback,100,14,30.0,14,1.75,1.5,short,21,0.42857142857142855,1.297434706519711,-1.1906584077206062,-0.12433278733189887,0.8172587734484131,-2.610988533969876,7.461508712867291,False
C0305,rsi_pullback,200,14,30.0,14,1.75,2.5,long,88,0.29545454545454547,2.3413689110558287,-1.1606163755044367,-0.12593890447526712,0.8459852909010732,-11.082623593823506,24.860574434237204,False
C0040,donchian_breakout,50,96,0.0,14,1.25,2.0,long,1053,0.38271604938271603,1.8298460828436078,-1.3390009905144764,-0.12623235750088863,0.8472768723846372,-132.92267244843572,154.14239259592628,False
C0094,donchian_breakout,100,96,0.0,14,1.25,2.0,long,1053,0.38271604938271603,1.8298460828436078,-1.3390009905144764,-0.12623235750088863,0.8472768723846372,-132.92267244843572,154.14239259592628,False
C0162,donchian_breakout,200,96,0.0,14,1.75,2.5,both,1590,0.3012578616352201,2.354055414071049,-1.2023452640287957,-0.13095160062638964,0.8441292304703336,-208.21304499595954,222.51805593798628,False
C0159,donchian_breakout,200,96,0.0,14,1.75,2.0,both,1712,0.348714953271028,1.8652833091147736,-1.2024238205186546,-0.1326684721593341,0.8305899972642723,-227.12842433678,238.4129503678434,False
C0054,donchian_breakout,50,96,0.0,14,1.75,2.5,both,1618,0.3009888751545117,2.3520954745501563,-1.2026207643116082,-0.13269072208312932,0.8421561113198639,-214.69358833050325,237.67786530312532,False
C0108,donchian_breakout,100,96,0.0,14,1.75,2.5,both,1618,0.3009888751545117,2.3520954745501563,-1.2026207643116082,-0.13269072208312932,0.8421561113198639,-214.69358833050325,237.67786530312532,False
C0212,rsi_pullback,100,7,20.0,14,1.25,1.5,short,71,0.4788732394366197,1.2379886528997512,-1.3924340942718876,-0.13279503224603248,0.8169946421423933,-9.428447289468306,22.073230869781526,False
C0051,donchian_breakout,50,96,0.0,14,1.75,2.0,both,1741,0.34865020103388855,1.8636182690386762,-1.2028331055672448,-0.13371421735024652,0.8293297083762009,-232.7964524067792,252.63711005723584,False
C0105,donchian_breakout,100,96,0.0,14,1.75,2.0,both,1741,0.34865020103388855,1.8636182690386762,-1.2028331055672448,-0.13371421735024652,0.8293297083762009,-232.7964524067792,252.63711005723584,False
C0141,donchian_breakout,200,48,0.0,14,1.75,2.0,both,2417,0.3520893669838643,1.8366681555245827,-1.2149573993526788,-0.14051248946416012,0.821499773871988,-339.618687034875,345.9970883270614,False
C0156,donchian_breakout,200,96,0.0,14,1.75,1.5,both,1866,0.41103965702036444,1.3787685458346395,-1.2043876164010345,-0.1426079934456422,0.7989558063445459,-266.1065157695684,273.4961130872362,False
C0222,rsi_pullback,100,7,20.0,14,1.75,2.5,short,71,0.30985915492957744,2.301891948957285,-1.240961069112679,-0.14317562689381683,0.8328242790356752,-10.165469509460994,19.879023675739205,False
C0182,rsi_pullback,50,7,30.0,14,1.75,1.5,short,261,0.421455938697318,1.3028953603338702,-1.197016631828112,-0.1434138765108012,0.7929121828427397,-37.431021769319116,43.067373554296125,False
C0048,donchian_breakout,50,96,0.0,14,1.75,1.5,both,1898,0.410958904109589,1.3774208914238728,-1.2048433048752514,-0.14363884064273455,0.7976068885551479,-272.6265195399102,284.507822760391,False
C0102,donchian_breakout,100,96,0.0,14,1.75,1.5,both,1898,0.410958904109589,1.3774208914238728,-1.2048433048752514,-0.14363884064273455,0.7976068885551479,-272.6265195399102,284.507822760391,False
C0234,rsi_pullback,100,7,30.0,14,1.75,2.5,short,522,0.3007662835249042,2.301177452673111,-1.1962469478512674,-0.14433960899623416,0.8274391305369017,-75.34527589603422,75.34527589603425,False
C0144,donchian_breakout,200,48,0.0,14,1.75,2.5,both,2235,0.3011185682326622,2.331883971528071,-1.21460270531069,-0.1466897149247901,0.82719276616668,-327.85151285690586,334.7205132634564,False
C0214,rsi_pullback,100,7,20.0,14,1.25,2.0,short,71,0.39436619718309857,1.728610049172891,-1.368144855961333,-0.14688940041544182,0.8227246835325428,-10.42914742949637,20.038288532382666,False
C0037,donchian_breakout,50,96,0.0,14,1.25,1.5,long,1126,0.4404973357015986,1.3682391465184403,-1.342183665932592,-0.14824963842307878,0.8025852789034297,-166.92909286438672,193.18633600122948,False
C0091,donchian_breakout,100,96,0.0,14,1.25,1.5,long,1126,0.4404973357015986,1.3682391465184403,-1.342183665932592,-0.14824963842307878,0.8025852789034297,-166.92909286438672,193.18633600122948,False
C0138,donchian_breakout,200,48,0.0,14,1.75,1.5,both,2645,0.4158790170132325,1.349542229232095,-1.2166170592283252,-0.1494052568440295,0.7897629910088978,-395.176904352458,401.4161251956319,False
C0067,donchian_breakout,100,20,0.0,14,1.75,2.0,long,2036,0.35363457760314343,1.8381455812372676,-1.2373558596944125,-0.14975220671267905,0.8127591966345765,-304.8954928670145,335.36034530660453,False
C0230,rsi_pullback,100,7,30.0,14,1.75,1.5,short,549,0.41712204007285975,1.3103243299074494,-1.1978373649295986,-0.15162784194656753,0.7828281835615728,-83.24368522866557,90.55999462546484,False
C0292,rsi_pullback,200,14,20.0,14,1.75,2.0,short,3,0.3333333333333333,1.854590467642905,-1.1565192005112004,-0.15281597779316533,0.8017983907327892,-0.45844793337949596,1.1719710568450332,False
C0232,rsi_pullback,100,7,30.0,14,1.75,2.0,short,535,0.34579439252336447,1.8147603179063185,-1.1952319466320676,-0.15439350001599003,0.8025475360271356,-82.60052250855466,92.8657966266151,False
C0145,donchian_breakout,200,96,0.0,14,1.25,1.5,long,1104,0.4375,1.3702199809949258,-1.3411007528366607,-0.15489793178534167,0.7946656130277651,-171.0073166910172,188.80288513309637,False
C0033,donchian_breakout,50,48,0.0,14,1.75,2.0,both,2682,0.34638329604772555,1.838042651772428,-1.2140924768072927,-0.15688385098680047,0.802301519785063,-420.76248834659884,434.42784941448747,False
C0087,donchian_breakout,100,48,0.0,14,1.75,2.0,both,2650,0.3460377358490566,1.8386057872697288,-1.2140361637858246,-0.15770685468471413,0.801360205283001,-417.9231649144924,431.5885259823807,False
C0090,donchian_breakout,100,48,0.0,14,1.75,2.5,both,2428,0.29736408566721584,2.3321188709393184,-1.2140359252728274,-0.15953684666279064,0.8129752336327384,-387.3554636972557,399.2242167164998,False
C0036,donchian_breakout,50,48,0.0,14,1.75,2.5,both,2454,0.29706601466992666,2.3318341403393767,-1.2140780856839568,-0.16070807232983708,0.8116886353078947,-394.37760949742017,406.2463625166643,False
C0316,bollinger_reentry,100,20,2.0,14,1.75,2.0,short,2593,0.34516004627844193,1.8082726841329517,-1.2055694500112453,-0.16531155951411608,0.7906004135250099,-428.65287382010297,446.3510265210998,False
C0340,bollinger_reentry,200,20,2.0,14,1.75,2.0,short,2593,0.34516004627844193,1.8082726841329517,-1.2055694500112453,-0.16531155951411608,0.7906004135250099,-428.65287382010297,446.3510265210998,False
C0133,donchian_breakout,200,48,0.0,14,1.25,2.5,long,1389,0.32469402447804174,2.2763199872015885,-1.341182038474254,-0.16660074720009618,0.8160547304847368,-231.4084378609336,242.33611689869073,False
C0281,rsi_pullback,200,7,30.0,14,1.75,2.5,long,819,0.29304029304029305,2.3066506637371003,-1.1935597216065867,-0.1678570445827956,0.8010697832269379,-137.4749195133096,137.93379930142842,False
C0181,rsi_pullback,50,7,30.0,14,1.75,1.5,long,313,0.40894568690095845,1.3274087294453616,-1.2045166543474373,-0.1690966890903183,0.7624828878994052,-52.92726368526963,58.66650575921429,False
C0013,donchian_breakout,50,20,0.0,14,1.75,2.0,long,2244,0.3471479500891266,1.8317712435581217,-1.2337827111349393,-0.16958193987562795,0.7894641070742673,-380.5418730809091,392.63753966368506,False
C0313,bollinger_reentry,100,20,2.0,14,1.75,1.5,long,2858,0.4097270818754374,1.3148471740032919,-1.2015300440131351,-0.17050214957743312,0.7595956256137774,-487.29514349230385,497.8008313818097,False
C0337,bollinger_reentry,200,20,2.0,14,1.75,1.5,long,2858,0.4097270818754374,1.3148471740032919,-1.2015300440131351,-0.17050214957743312,0.7595956256137774,-487.29514349230385,497.8008313818097,False
C0084,donchian_breakout,100,48,0.0,14,1.75,1.5,both,2900,0.4068965517241379,1.3504819158696186,-1.215156522940614,-0.17120708921782973,0.7624477916284067,-496.50055873170623,506.1676124958692,False
C0030,donchian_breakout,50,48,0.0,14,1.75,1.5,both,2946,0.40699253224711474,1.3501725579575947,-1.2155885779316586,-0.17134295609485792,0.7623053087484717,-504.77634865545144,514.443402419614,False
C0079,donchian_breakout,100,48,0.0,14,1.25,2.5,long,1520,0.3236842105263158,2.2777723160179524,-1.344443493184785,-0.17198942862705668,0.810848550635887,-261.42393151312615,281.9972343722958,False
C0279,rsi_pullback,200,7,30.0,14,1.75,2.0,long,875,0.3394285714285714,1.8162155368800346,-1.1947756435735926,-0.17275920860818994,0.7811053939423831,-151.1643075321662,160.9485762089535,False
C0025,donchian_breakout,50,48,0.0,14,1.25,2.5,long,1546,0.32341526520051744,2.2767104794556063,-1.3437280103195008,-0.1728229360067236,0.809906260695192,-267.1842590663947,287.75756192556446,False
C0277,rsi_pullback,200,7,30.0,14,1.75,1.5,long,936,0.405982905982906,1.3140708893229531,-1.1899918626262662,-0.17338518982636947,0.7547160881520814,-162.28853767748183,167.94168411025606,False
C0121,donchian_breakout,200,20,0.0,14,1.75,2.0,long,1817,0.34617501375894333,1.8369328318442137,-1.2407217738670782,-0.17531464838969646,0.7838863054698549,-318.54671612407844,327.91204448632567,False
C0069,donchian_breakout,100,20,0.0,14,1.75,2.0,both,3813,0.34277471806976134,1.835570560756643,-1.2254455400822593,-0.17620660911020442,0.7812168268824854,-671.8758005372094,695.4682916406025,False
C0123,donchian_breakout,200,20,0.0,14,1.75,2.0,both,3403,0.3435204231560388,1.8340345218179936,-1.2292308329310815,-0.17693662202844593,0.7807381536599182,-602.1153247628015,621.3764987763293,False
C0070,donchian_breakout,100,20,0.0,14,1.75,2.5,long,1866,0.29635584137191856,2.334822484918246,-1.2378162262165522,-0.17904387506031247,0.7944345086581769,-334.09587086254305,353.14443402627506,False
C0318,bollinger_reentry,100,20,2.0,14,1.75,2.5,short,2371,0.2901729228173766,2.313058327725078,-1.1980431025363776,-0.17921653820913946,0.7892570383850105,-424.92241209386964,437.2854951598086,False
C0342,bollinger_reentry,200,20,2.0,14,1.75,2.5,short,2371,0.2901729228173766,2.313058327725078,-1.1980431025363776,-0.17921653820913946,0.7892570383850105,-424.92241209386964,437.2854951598086,False
C0015,donchian_breakout,50,20,0.0,14,1.75,2.0,both,4088,0.3412426614481409,1.8332845356975922,-1.2225993931767598,-0.17980142821107462,0.7767540983012342,-735.028238526873,750.4883041093914,False
C0328,bollinger_reentry,100,40,2.0,14,1.75,2.0,short,1920,0.3390625,1.8081319647059806,-1.2018696760423344,-0.1812909947261088,0.7717774987819455,-348.0787098741289,348.5192330051871,False
C0352,bollinger_reentry,200,40,2.0,14,1.75,2.0,short,1920,0.3390625,1.8081319647059806,-1.2018696760423344,-0.1812909947261088,0.7717774987819455,-348.0787098741289,348.5192330051871,False
C0221,rsi_pullback,100,7,20.0,14,1.75,2.5,long,71,0.28169014084507044,2.349184458444641,-1.1744180670236333,-0.18185397534242906,0.7844300365439235,-12.911632249312463,19.670016780577978,False
C0317,bollinger_reentry,100,20,2.0,14,1.75,2.5,long,2311,0.287321505841627,2.32341522589611,-1.1923832286329707,-0.18221872244201032,0.7855710174682974,-421.10746756348584,435.0848183910574,False
C0341,bollinger_reentry,200,20,2.0,14,1.75,2.5,long,2311,0.287321505841627,2.32341522589611,-1.1923832286329707,-0.18221872244201032,0.7855710174682974,-421.10746756348584,435.0848183910574,False
C0064,donchian_breakout,100,20,0.0,14,1.75,1.5,long,2280,0.40921052631578947,1.3406745779546176,-1.2372043407748572,-0.18230915166319045,0.7505782704621817,-415.66486579207424,435.5790675220817,False
C0315,bollinger_reentry,100,20,2.0,14,1.75,2.0,long,2534,0.3362273086029992,1.8185487475838045,-1.1978571468101802,-0.18365911128386825,0.7690127176876211,-465.3921879933221,484.5875433648197,False
C0339,bollinger_reentry,200,20,2.0,14,1.75,2.0,long,2534,0.3362273086029992,1.8185487475838045,-1.1978571468101802,-0.18365911128386825,0.7690127176876211,-465.3921879933221,484.5875433648197,False
C0330,bollinger_reentry,100,40,2.0,14,1.75,2.5,short,1822,0.287596048298573,2.3160605169256674,-1.1970339798628105,-0.18668188528698043,0.7810880953702707,-340.13439499287836,345.57841882407683,False
C0354,bollinger_reentry,200,40,2.0,14,1.75,2.5,short,1822,0.287596048298573,2.3160605169256674,-1.1970339798628105,-0.18668188528698043,0.7810880953702707,-340.13439499287836,345.57841882407683,False
C0126,donchian_breakout,200,20,0.0,14,1.75,2.5,both,3082,0.29331602855288774,2.3219249879927957,-1.228094120216105,-0.1868166141094062,0.7847423456529904,-575.7688046851899,589.3337570376699,False
C0173,rsi_pullback,50,7,20.0,14,1.75,2.5,long,14,0.2857142857142857,2.3474770803312826,-1.2012735058829236,-0.1873447669645789,0.7816628166142434,-2.6228267375041048,6.28619907104742,False
C0120,donchian_breakout,200,20,0.0,14,1.75,1.5,both,3839,0.40453243032039593,1.3430702126426661,-1.2283713192723984,-0.18813982693999542,0.7427869741097006,-722.2687956226424,730.9948730394881,False
C0314,bollinger_reentry,100,20,2.0,14,1.75,1.5,short,2835,0.4070546737213404,1.3055950702709764,-1.215942971056044,-0.1895391263677261,0.7371118454331023,-537.3434232525035,548.2065276897318,False
C0338,bollinger_reentry,200,20,2.0,14,1.75,1.5,short,2835,0.4070546737213404,1.3055950702709764,-1.215942971056044,-0.1895391263677261,0.7371118454331023,-537.3434232525035,548.2065276897318,False
C0010,donchian_breakout,50,20,0.0,14,1.75,1.5,long,2505,0.4063872255489022,1.3347616458770786,-1.2335805323000801,-0.18983908025044033,0.7407523216498588,-475.54689602735306,487.86818283205986,False
C0325,bollinger_reentry,100,40,2.0,14,1.75,1.5,long,2120,0.39528301886792455,1.3331151842767306,-1.1871943997593775,-0.19095881889982164,0.7340097508191439,-404.8326960676219,409.8792041176511,False
C0349,bollinger_reentry,200,40,2.0,14,1.75,1.5,long,2120,0.39528301886792455,1.3331151842767306,-1.1871943997593775,-0.19095881889982164,0.7340097508191439,-404.8326960676219,409.8792041176511,False
C0130,donchian_breakout,200,48,0.0,14,1.25,2.0,long,1481,0.3679945982444294,1.7906461722827425,-1.346171637235807,-0.19183962765605717,0.7745152907260623,-284.1144885586207,293.29943603403217,False
C0124,donchian_breakout,200,20,0.0,14,1.75,2.5,long,1669,0.29298981426003595,2.3363070098429266,-1.2407514749486994,-0.1927097738923152,0.7803186083566798,-321.63261262627407,330.4545075025874,False
C0119,donchian_breakout,200,20,0.0,14,1.75,1.5,short,1884,0.4007430997876858,1.3438067687899948,-1.220430930234313,-0.1928303661348691,0.7363370076397139,-363.2924097980934,370.3824846676473,False
C0153,donchian_breakout,200,96,0.0,14,1.25,2.5,both,1858,0.3051668460710441,2.3268262189555022,-1.3021914795669738,-0.19473559417287045,0.7847763670114354,-361.8187339731933,372.9996298001771,False
C0066,donchian_breakout,100,20,0.0,14,1.75,1.5,both,4346,0.40174873446847675,1.3401229167689264,-1.2255226147756078,-0.19477776938288885,0.7343349449036644,-846.504185738035,858.8472421205934,False
C0118,donchian_breakout,200,20,0.0,14,1.75,1.5,long,2007,0.4045839561534629,1.339635445679255,-1.2383473786603372,-0.19533688869334714,0.7350760363696924,-392.04113560754774,399.8356233398591,False
C0327,bollinger_reentry,100,40,2.0,14,1.75,2.0,long,1971,0.3272450532724505,1.8342022354140302,-1.1830801397345445,-0.1956894081410231,0.7541352566600271,-385.7038234459565,395.36995899377223,False
C0351,bollinger_reentry,200,40,2.0,14,1.75,2.0,long,1971,0.3272450532724505,1.8342022354140302,-1.1830801397345445,-0.1956894081410231,0.7541352566600271,-385.7038234459565,395.36995899377223,False
C0016,donchian_breakout,50,20,0.0,14,1.75,2.5,long,2052,0.29142300194931775,2.3297713375381224,-1.2343870712739387,-0.19570932835502416,0.7762448128340221,-401.5955417845096,411.575969612667,False
C0219,rsi_pullback,100,7,20.0,14,1.75,2.0,long,71,0.323943661971831,1.8429909630584833,-1.1729109279089478,-0.19592862520118828,0.7529129582242904,-13.910932389284369,19.15679807886987,False
C0216,rsi_pullback,100,7,20.0,14,1.25,2.5,short,71,0.323943661971831,2.211005042774772,-1.3496815396544593,-0.19621968900837053,0.7849554766829012,-13.931597919594308,25.62632485351189,False
C0231,rsi_pullback,100,7,30.0,14,1.75,2.0,long,654,0.3333333333333333,1.8145795292856364,-1.2018630939562651,-0.196382219542298,0.7549027582303262,-128.4339715806629,132.0993473906096,False
C0045,donchian_breakout,50,96,0.0,14,1.25,2.5,both,1890,0.3047619047619048,2.3244963491843427,-1.3024850343747782,-0.19711927938533202,0.7823178592152982,-372.55543803827754,388.5257719192414,False
C0099,donchian_breakout,100,96,0.0,14,1.25,2.5,both,1890,0.3047619047619048,2.3244963491843427,-1.3024850343747782,-0.19711927938533202,0.7823178592152982,-372.55543803827754,388.5257719192414,False
C0176,rsi_pullback,50,7,30.0,14,1.25,1.5,short,269,0.4349442379182156,1.233670505596685,-1.2994653838307668,-0.19769252486046252,0.7307633208181443,-53.17928918746442,53.760922363392574,False
C0072,donchian_breakout,100,20,0.0,14,1.75,2.5,both,3404,0.2896592244418331,2.3228998627815,-1.225800210723594,-0.19788649965543229,0.7727364796422043,-673.6056448270915,693.3586534458378,False
C0012,donchian_breakout,50,20,0.0,14,1.75,1.5,both,4718,0.3999576091564222,1.3392729960113312,-1.2229788249839375,-0.19818671260198087,0.7299316671544468,-935.0449100561458,945.0600760219909,False
C0022,donchian_breakout,50,48,0.0,14,1.25,2.0,long,1641,0.3656307129798903,1.792638647787913,-1.3485771300467275,-0.20005216557336708,0.7661564916264966,-328.28560370589537,343.81072380962223,False
C0076,donchian_breakout,100,48,0.0,14,1.25,2.0,long,1614,0.3655514250309789,1.7926353568616085,-1.3489069802595823,-0.20051170212977892,0.7657059307050834,-323.6258872374632,339.1510073411898,False
C0329,bollinger_reentry,100,40,2.0,14,1.75,2.5,long,1863,0.2785829307568438,2.3335066845416574,-1.179277592233593,-0.20067585329298374,0.7641191641624974,-373.8591146848287,382.0217611056943,False
C0353,bollinger_reentry,200,40,2.0,14,1.75,2.5,long,1863,0.2785829307568438,2.3335066845416574,-1.179277592233593,-0.20067585329298374,0.7641191641624974,-373.8591146848287,382.0217611056943,False
C0122,donchian_breakout,200,20,0.0,14,1.75,2.0,short,1684,0.3343230403800475,1.8255663275296206,-1.2192012759293391,-0.20126531349026897,0.7520123802561068,-338.9307879176129,355.3816379293601,False
C0278,rsi_pullback,200,7,30.0,14,1.75,1.5,short,822,0.40145985401459855,1.306026830226621,-1.2128178559438407,-0.2016028359483999,0.7222796080604287,-165.71753114958472,165.97702704105285,False
C0018,donchian_breakout,50,20,0.0,14,1.75,2.5,both,3605,0.287378640776699,2.3239949381325196,-1.2217491413006487,-0.20277802721111685,0.7670943543991084,-731.0147880960762,743.5452120906253,False
C0042,donchian_breakout,50,96,0.0,14,1.25,2.0,both,1995,0.349874686716792,1.8430758223363517,-1.3055335705811488,-0.2039148456405897,0.7597498181383152,-406.81011705297647,422.05460714559683,False
C0096,donchian_breakout,100,96,0.0,14,1.25,2.0,both,1995,0.349874686716792,1.8430758223363517,-1.3055335705811488,-0.2039148456405897,0.7597498181383152,-406.81011705297647,422.05460714559683,False
C0150,donchian_breakout,200,96,0.0,14,1.25,2.0,both,1963,0.34946510443199186,1.8445886004656562,-1.3049931027174548,-0.2043242038974783,0.7593194465452116,-401.0884122507499,413.04241449934835,False
C0125,donchian_breakout,200,20,0.0,14,1.75,2.5,short,1546,0.28783958602846055,2.3041167866328056,-1.2182304825269354,-0.20435950272351708,0.7644475934442596,-315.9397912105574,332.36719734781786,False
C0326,bollinger_reentry,100,40,2.0,14,1.75,1.5,short,2046,0.40078201368523947,1.304818992586715,-1.2140243134780915,-0.20451722111585224,0.7188632255369433,-418.4422344030337,418.4422344030329,False
C0350,bollinger_reentry,200,40,2.0,14,1.75,1.5,short,2046,0.40078201368523947,1.304818992586715,-1.2140243134780915,-0.20451722111585224,0.7188632255369433,-418.4422344030337,418.4422344030329,False
C0303,rsi_pullback,200,14,30.0,14,1.75,2.0,long,88,0.3181818181818182,1.840355988827696,-1.160128204346715,-0.20542868833667507,0.7402912812294563,-18.077724573627407,27.988449745421377,False
C0073,donchian_breakout,100,48,0.0,14,1.25,1.5,long,1734,0.42560553633217996,1.3345027028526253,-1.349162224713442,-0.20697957388082525,0.7329128029702764,-358.902581109351,372.91506347084106,False
C0233,rsi_pullback,100,7,30.0,14,1.75,2.5,long,626,0.2827476038338658,2.3107328169202446,-1.1998180539920384,-0.20721820710469963,0.7592088552692172,-129.71859764754197,134.9355489882039,False
C0127,donchian_breakout,200,48,0.0,14,1.25,1.5,long,1584,0.42487373737373735,1.332672640130935,-1.345253847725199,-0.20747321241763708,0.7318396345616597,-328.63756846953714,335.3568241269303,False
C0019,donchian_breakout,50,48,0.0,14,1.25,1.5,long,1762,0.4245175936435868,1.3346070415914335,-1.3486059516295483,-0.20953482851417132,0.7300153344081755,-369.20036784196986,383.21285020346,False
C0280,rsi_pullback,200,7,30.0,14,1.75,2.0,short,786,0.32951653944020354,1.8102607649218287,-1.2077115336698232,-0.21323974571150547,0.7366599747063941,-167.6064401292433,169.9600725954164,False
C0137,donchian_breakout,200,48,0.0,14,1.75,1.5,short,1264,0.3852848101265823,1.360822308642949,-1.1998198226000676,-0.21324330526197485,0.7108751451027034,-269.53953785113623,275.8815059307025,False
C0220,rsi_pullback,100,7,20.0,14,1.75,2.0,short,71,0.3380281690140845,1.7854233423343506,-1.234449583523946,-0.21364746774085994,0.7385522654627493,-15.168970209601056,20.657635495590835,False
C0269,rsi_pullback,200,7,20.0,14,1.75,2.5,long,175,0.2742857142857143,2.3407367754464588,-1.179343479269055,-0.21383575226137103,0.7501528864836653,-37.42125664573993,48.971774634741195,False
C0155,donchian_breakout,200,96,0.0,14,1.75,1.5,short,887,0.3754227733934611,1.3906746986259055,-1.1821833397258277,-0.21627383942016004,0.7070908013746805,-191.83489556568196,200.79724081381656,False
C0039,donchian_breakout,50,96,0.0,14,1.25,1.5,both,2119,0.4072675790467202,1.3724280869226895,-1.3079421851734712,-0.21631427350806925,0.7209783212807395,-458.3699455635988,473.2905899109158,False
C0093,donchian_breakout,100,96,0.0,14,1.25,1.5,both,2119,0.4072675790467202,1.3724280869226895,-1.3079421851734712,-0.21631427350806925,0.7209783212807395,-458.3699455635988,473.2905899109158,False
C0140,donchian_breakout,200,48,0.0,14,1.75,2.0,short,1163,0.32158211521926056,1.8507346750735636,-1.196415125904259,-0.21650624751586195,0.7332580944430619,-251.79676586094746,266.42722354890384,False
C0135,donchian_breakout,200,48,0.0,14,1.25,2.5,both,2655,0.30583804143126175,2.286830902446941,-1.3201617140660584,-0.2170061567747004,0.7631986837157374,-576.1513462368296,587.5662787999937,False
C0217,rsi_pullback,100,7,20.0,14,1.75,1.5,long,71,0.38028169014084506,1.3423377434447135,-1.1739318561874954,-0.2170405999893315,0.7016653030733472,-15.409882599242538,17.266891712618204,False
C0143,donchian_breakout,200,48,0.0,14,1.75,2.5,short,1096,0.27645985401459855,2.3405575967034196,-1.1955388705125911,-0.21795015740451512,0.7480404332198658,-238.87337251534856,252.2376230018488,False
C0047,donchian_breakout,50,96,0.0,14,1.75,1.5,short,900,0.37444444444444447,1.3901023902520697,-1.1822704290422024,-0.21905971781756936,0.7038035757335637,-197.15374603581242,205.50520218578234,False
C0101,donchian_breakout,100,96,0.0,14,1.75,1.5,short,900,0.37444444444444447,1.3901023902520697,-1.1822704290422024,-0.21905971781756936,0.7038035757335637,-197.15374603581242,205.50520218578234,False
C0265,rsi_pullback,200,7,20.0,14,1.75,1.5,long,178,0.38202247191011235,1.3362046321102232,-1.1805474325992216,-0.21909158765404033,0.6996901489355795,-38.99830260241918,46.90032504896869,False
C0065,donchian_breakout,100,20,0.0,14,1.75,1.5,short,2174,0.39144434222631097,1.3365171257450166,-1.2203264399126725,-0.2194644921782231,0.7044792780288637,-477.115805995457,480.14770103165023,False
C0147,donchian_breakout,200,96,0.0,14,1.25,1.5,both,2083,0.4056649063850216,1.3740663779170597,-1.3074084745148669,-0.21962822952927977,0.7173522776122331,-457.4856021094898,463.94457176204315,False
C0224,rsi_pullback,100,7,30.0,14,1.25,1.5,short,602,0.42524916943521596,1.2332414507209182,-1.3020623347989806,-0.22392650574068484,0.7007775878935704,-134.80375645589228,141.02976253005005,False
C0164,rsi_pullback,50,7,20.0,14,1.25,1.5,short,18,0.4444444444444444,1.2392007665203044,-1.3951511593637462,-0.22432808119305714,0.7105757727846136,-4.037905461475028,5.94833540594485,False
C0158,donchian_breakout,200,96,0.0,14,1.75,2.0,short,823,0.31227217496962334,1.8722855313206155,-1.1775228193090335,-0.22515253241739341,0.7219704812321419,-185.30053417951478,195.81754206642037,False
C0282,rsi_pullback,200,7,30.0,14,1.75,2.5,short,755,0.27947019867549666,2.3034246739102473,-1.2081929733426184,-0.22680049179247985,0.7394712005111529,-171.2343713033223,171.2343713033224,False
C0179,rsi_pullback,50,7,30.0,14,1.25,2.5,long,324,0.2993827160493827,2.266211156007003,-1.2921931150625845,-0.22686837958804734,0.7494088671964154,-73.50535498652734,84.84781235351718,False
C0068,donchian_breakout,100,20,0.0,14,1.75,2.0,short,1962,0.32619775739041795,1.8229472206735988,-1.2192555824605469,-0.22689585055134548,0.7238154699176996,-445.1696587817398,457.1201470579381,False
C0071,donchian_breakout,100,20,0.0,14,1.75,2.5,short,1788,0.28187919463087246,2.303730763280711,-1.220394784834415,-0.22701711355364115,0.7409636302202774,-405.90659903391037,416.9983409925042,False
C0161,donchian_breakout,200,96,0.0,14,1.75,2.5,short,778,0.2686375321336761,2.3593512605136424,-1.1777010948551203,-0.22751607908124966,0.7358538126884523,-177.00750952521224,187.96076812309084,False
C0011,donchian_breakout,50,20,0.0,14,1.75,1.5,short,2416,0.38741721854304634,1.3383077502788505,-1.2194739151851826,-0.22854525671070608,0.6940609514583195,-552.1653402130659,557.8764606413339,False
C0050,donchian_breakout,50,96,0.0,14,1.75,2.0,short,836,0.31100478468899523,1.8717584465396293,-1.1775737745641335,-0.22921686369454217,0.717484529378759,-191.62529804863726,202.14230593554285,False
C0104,donchian_breakout,100,96,0.0,14,1.75,2.0,short,836,0.31100478468899523,1.8717584465396293,-1.1775737745641335,-0.22921686369454217,0.717484529378759,-191.62529804863726,202.14230593554285,False
C0081,donchian_breakout,100,48,0.0,14,1.25,2.5,both,2916,0.3017832647462277,2.287700221444364,-1.319195038286363,-0.2306944112071314,0.7495403264153508,-672.7049030799952,691.3176820684989,False
C0089,donchian_breakout,100,48,0.0,14,1.75,2.5,short,1212,0.2722772277227723,2.3398965568787617,-1.1941789779087386,-0.23193068873392417,0.733115820214942,-281.0999947455161,290.9247982154395,False
C0027,donchian_breakout,50,48,0.0,14,1.25,2.5,both,2962,0.3014854827819041,2.2866755707196202,-1.3192554330222566,-0.2321195834809007,0.7481120135624331,-687.5382062704278,706.1509852589315,False
C0083,donchian_breakout,100,48,0.0,14,1.75,1.5,short,1398,0.376967095851216,1.3611520537934856,-1.1974195305142177,-0.23292223085029806,0.6877851038359599,-325.6252787287167,330.10282215859337,False
C0035,donchian_breakout,50,48,0.0,14,1.75,2.5,short,1238,0.27221324717285944,2.3388179857594347,-1.195402252642556,-0.2333406853231127,0.7317916756500183,-288.8757684300135,302.10998620350887,False
C0017,donchian_breakout,50,20,0.0,14,1.75,2.5,short,1981,0.2796567390206966,2.3045703914949405,-1.2188573394647761,-0.23350703004948942,0.7340453513903957,-462.57742652803853,473.58819813090264,False
C0053,donchian_breakout,50,96,0.0,14,1.75,2.5,short,791,0.2667509481668774,2.3589941107937213,-1.1777527113336965,-0.23432214310501756,0.7286638190881661,-185.3488151960689,196.30207379394759,False
C0107,donchian_breakout,100,96,0.0,14,1.75,2.5,short,791,0.2667509481668774,2.3589941107937213,-1.1777527113336965,-0.23432214310501756,0.7286638190881661,-185.3488151960689,196.30207379394759,False
C0014,donchian_breakout,50,20,0.0,14,1.75,2.0,short,2174,0.3233670653173873,1.8226005360832118,-1.219166889156636,-0.23555948347880132,0.7144485952138987,-512.1063170829141,524.0562057167148,False
C0132,donchian_breakout,200,48,0.0,14,1.25,2.0,both,2812,0.34743954480796585,1.8024968324911073,-1.3215849531570778,-0.23615539960861517,0.7261693593986466,-664.0689836994259,674.5580446560085,False
C0029,donchian_breakout,50,48,0.0,14,1.75,1.5,short,1430,0.37552447552447554,1.359819804986882,-1.198386564677747,-0.23771745942606462,0.6823500968245994,-339.9359669792724,344.4135104091494,False
C0061,donchian_breakout,100,20,0.0,14,1.25,2.5,long,2307,0.3073255309926311,2.288161762519607,-1.358892474971958,-0.23805959487593756,0.7470868468864185,-549.203485378788,586.4864555582826,False
C0229,rsi_pullback,100,7,30.0,14,1.75,1.5,long,673,0.3833580980683507,1.305255188121452,-1.1990832082127665,-0.23902480367453702,0.6767335630542717,-160.8636928729634,162.32284360809007,False
C0086,donchian_breakout,100,48,0.0,14,1.75,2.0,short,1292,0.31346749226006193,1.850878826685223,-1.1943182216261539,-0.23974793945424397,0.7076024571473011,-309.7543377748832,317.1020163251058,False
C0309,bollinger_reentry,100,20,2.0,14,1.25,2.0,long,3268,0.3488372093023256,1.7414625575325964,-1.302977992088909,-0.24096384687210493,0.7159954932247924,-787.4698515780389,798.9542046369183,False
C0333,bollinger_reentry,200,20,2.0,14,1.25,2.0,long,3268,0.3488372093023256,1.7414625575325964,-1.302977992088909,-0.24096384687210493,0.7159954932247924,-787.4698515780389,798.9542046369183,False
C0312,bollinger_reentry,100,20,2.0,14,1.25,2.5,short,3028,0.30184940554821665,2.227029903137539,-1.3107559227595538,-0.24287737425560957,0.7345907112507105,-735.4326892459858,738.6232531483404,False
C0336,bollinger_reentry,200,20,2.0,14,1.25,2.5,short,3028,0.30184940554821665,2.227029903137539,-1.3107559227595538,-0.24287737425560957,0.7345907112507105,-735.4326892459858,738.6232531483404,False
C0323,bollinger_reentry,100,40,2.0,14,1.25,2.5,long,2329,0.29240017174753113,2.2642572421424316,-1.279418877698093,-0.24324737163909868,0.7313123635229817,-566.5231285474608,581.2989785928332,False
C0347,bollinger_reentry,200,40,2.0,14,1.25,2.5,long,2329,0.29240017174753113,2.2642572421424316,-1.279418877698093,-0.24324737163909868,0.7313123635229817,-566.5231285474608,581.2989785928332,False
C0178,rsi_pullback,50,7,30.0,14,1.25,2.0,short,268,0.34701492537313433,1.7268836373168035,-1.2922431636760372,-0.2445611021374769,0.7101723036336476,-65.54237537284381,68.16670508006857,False
C0032,donchian_breakout,50,48,0.0,14,1.75,2.0,short,1320,0.31212121212121213,1.8498040576416395,-1.1954341538499844,-0.24495071208138663,0.7021201479864452,-323.33493994743037,333.09565028774745,False
C0299,rsi_pullback,200,14,30.0,14,1.25,2.5,long,93,0.27956989247311825,2.2802845823465074,-1.225203816561449,-0.24517480181298795,0.7222362046070563,-22.80125656860788,32.371945013644975,False
C0058,donchian_breakout,100,20,0.0,14,1.25,2.0,long,2466,0.354014598540146,1.794958623353839,-1.3635710203276354,-0.2454054165425878,0.7213983540059645,-605.1697571940215,642.0976464770979,False
C0275,rsi_pullback,200,7,30.0,14,1.25,2.5,long,1033,0.29235237173281703,2.2410348903228905,-1.2739198428970433,-0.24631449010670456,0.7267684767235342,-254.4428682802258,262.8526733445021,False
C0180,rsi_pullback,50,7,30.0,14,1.25,2.5,short,265,0.2943396226415094,2.229549995669285,-1.280453758819665,-0.24732057825310622,0.7262837248598426,-65.53995323707315,71.33361666068029,False
C0321,bollinger_reentry,100,40,2.0,14,1.25,2.0,long,2407,0.341088491898629,1.764217236720644,-1.2896864224166542,-0.24803502891780854,0.7081217065905588,-597.0203146051651,611.10122112134,False
C0345,bollinger_reentry,200,40,2.0,14,1.25,2.0,long,2407,0.341088491898629,1.764217236720644,-1.2896864224166542,-0.24803502891780854,0.7081217065905588,-597.0203146051651,611.10122112134,False
C0078,donchian_breakout,100,48,0.0,14,1.25,2.0,both,3079,0.3429684962650211,1.8038956911219528,-1.320522231336316,-0.2489453147673222,0.713072584664128,-766.502624168585,782.1909312705636,False
C0129,donchian_breakout,200,48,0.0,14,1.25,1.5,both,3001,0.4028657114295235,1.333891207687367,-1.3188681307818377,-0.2501623526381295,0.6823502129024596,-750.7372202670267,757.8347386761609,False
C0253,rsi_pullback,100,14,30.0,14,1.75,1.5,long,11,0.36363636363636365,1.3237777073450285,-1.149763074723051,-0.2502936994255674,0.6579132873782433,-2.7532306936812416,6.883204855431796,False
C0024,donchian_breakout,50,48,0.0,14,1.25,2.0,both,3138,0.3422562141491396,1.8034270363382916,-1.3207414744247297,-0.2514753875670224,0.7105184318976493,-789.1297661853164,804.8180732872945,False
C0273,rsi_pullback,200,7,30.0,14,1.25,2.0,long,1070,0.3383177570093458,1.7356991999724292,-1.2742156036635537,-0.25590797850820257,0.6964771250432852,-273.82153700377677,283.70085079418743,False
C0297,rsi_pullback,200,14,30.0,14,1.25,2.0,long,93,0.3225806451612903,1.7798296425494111,-1.225324539445433,-0.2559199646083865,0.6916844458261764,-23.800556708579947,32.82149013025065,False
C0311,bollinger_reentry,100,20,2.0,14,1.25,2.5,long,3082,0.29396495781959764,2.2427990234982276,-1.2973185436070036,-0.2566480323164978,0.7198019836162716,-790.9892355994461,809.6076702895913,False
C0335,bollinger_reentry,200,20,2.0,14,1.25,2.5,long,3082,0.29396495781959764,2.2427990234982276,-1.2973185436070036,-0.2566480323164978,0.7198019836162716,-790.9892355994461,809.6076702895913,False
C0075,donchian_breakout,100,48,0.0,14,1.25,1.5,both,3297,0.400060661207158,1.3351563606821777,-1.318546205164885,-0.2569042020249773,0.6752355268546342,-847.0131540763502,860.2655132157264,False
C0267,rsi_pullback,200,7,20.0,14,1.75,2.0,long,177,0.3050847457627119,1.8370785750521732,-1.1791339781550259,-0.2589335381935075,0.6839954714089161,-45.831236260250826,55.58032170399731,False
C0115,donchian_breakout,200,20,0.0,14,1.25,2.5,long,2048,0.30126953125,2.288280380427081,-1.357633780906077,-0.25923093054349955,0.7267283986613249,-530.9049457530871,548.1074286709851,False
C0175,rsi_pullback,50,7,30.0,14,1.25,1.5,long,328,0.4024390243902439,1.2699936626557529,-1.2893760589213086,-0.2593858051159057,0.6633455371873235,-85.07854407801707,91.16726074837989,False
C0296,rsi_pullback,200,14,30.0,14,1.25,1.5,short,87,0.42528735632183906,1.241245427325384,-1.3712342707564968,-0.2601796865147773,0.6698502479186467,-22.635632726785627,31.723725759987026,False
C0310,bollinger_reentry,100,20,2.0,14,1.25,2.0,short,3174,0.34719596723377444,1.7266205505807781,-1.3188827512142924,-0.2614962866338993,0.6962778196137772,-829.9892137759964,833.0164365040795,False
C0334,bollinger_reentry,200,20,2.0,14,1.25,2.0,short,3174,0.34719596723377444,1.7266205505807781,-1.3188827512142924,-0.2614962866338993,0.6962778196137772,-829.9892137759964,833.0164365040795,False
C0324,bollinger_reentry,100,40,2.0,14,1.25,2.5,short,2211,0.2966983265490728,2.2219580591886317,-1.3098791592610264,-0.26198896690328066,0.7156127516373617,-579.2576058231535,579.5477943276414,False
C0348,bollinger_reentry,200,40,2.0,14,1.25,2.5,short,2211,0.2966983265490728,2.2219580591886317,-1.3098791592610264,-0.26198896690328066,0.7156127516373617,-579.2576058231535,579.5477943276414,False
C0021,donchian_breakout,50,48,0.0,14,1.25,1.5,both,3358,0.3981536628945801,1.3350689011691703,-1.3187151404192026,-0.26210130372960927,0.6697578013277874,-880.136177924028,893.3885370634047,False
C0007,donchian_breakout,50,20,0.0,14,1.25,2.5,long,2548,0.29984301412872844,2.2864833459015697,-1.3536077342441086,-0.2621518530701299,0.7233920370226679,-667.9629216226909,691.8634955986973,False
C0177,rsi_pullback,50,7,30.0,14,1.25,2.0,long,327,0.3363914373088685,1.768100651659178,-1.2938390687376657,-0.2638287652402564,0.6927231070627008,-86.27200623356384,94.51789008682104,False
C0308,bollinger_reentry,100,20,2.0,14,1.25,1.5,short,3275,0.41435114503816795,1.2313071877895012,-1.3229405938692327,-0.2645851008277359,0.6585023311072724,-866.5162052108351,867.6225880100519,False
C0332,bollinger_reentry,200,20,2.0,14,1.25,1.5,short,3275,0.41435114503816795,1.2313071877895012,-1.3229405938692327,-0.2645851008277359,0.6585023311072724,-866.5162052108351,867.6225880100519,False
C0319,bollinger_reentry,100,40,2.0,14,1.25,1.5,long,2489,0.4033748493370832,1.2662342312924622,-1.3033239585272667,-0.2668288108458653,0.6568541231597096,-664.1369101953587,675.0610479377797,False
C0343,bollinger_reentry,200,40,2.0,14,1.25,1.5,long,2489,0.4033748493370832,1.2662342312924622,-1.3033239585272667,-0.2668288108458653,0.6568541231597096,-664.1369101953587,675.0610479377797,False
C0307,bollinger_reentry,100,20,2.0,14,1.25,1.5,long,3434,0.4097262667443215,1.2455385153442076,-1.317446220376301,-0.26732405288685557,0.6562428951015552,-917.990797613462,923.0027583901276,False
C0331,bollinger_reentry,200,20,2.0,14,1.25,1.5,long,3434,0.4097262667443215,1.2455385153442076,-1.317446220376301,-0.26732405288685557,0.6562428951015552,-917.990797613462,923.0027583901276,False
C0251,rsi_pullback,100,14,30.0,14,1.25,2.5,long,11,0.2727272727272727,2.2261026632909124,-1.2041826043814419,-0.268650258652618,0.6932407889772679,-2.955152845178798,7.238166461671666,False
C0004,donchian_breakout,50,20,0.0,14,1.25,2.0,long,2723,0.34557473374954095,1.7909501091853086,-1.3570593182490154,-0.26918679852235405,0.6968937667447884,-732.9956523763701,757.9733157092908,False
C0226,rsi_pullback,100,7,30.0,14,1.25,2.0,short,589,0.3378607809847199,1.739420951367903,-1.2954060007865036,-0.27005699657813853,0.685152523634213,-159.0635709845236,167.17362211643146,False
C0272,rsi_pullback,200,7,30.0,14,1.25,1.5,short,969,0.41279669762641896,1.221253066419216,-1.318732937883881,-0.27023510329023936,0.6510233094408224,-261.8578150882419,263.30048929377847,False
C0112,donchian_breakout,200,20,0.0,14,1.25,2.0,long,2178,0.34527089072543615,1.794664638405129,-1.3595297827436181,-0.2704782654323886,0.6961340786292718,-589.1016621117424,599.8452337705737,False
C0117,donchian_breakout,200,20,0.0,14,1.25,2.5,both,3947,0.2954142386622751,2.2854097840216987,-1.3430736932711105,-0.27116800932801044,0.713447139738605,-1070.3001328176572,1083.2725349926848,False
C0055,donchian_breakout,100,20,0.0,14,1.25,1.5,long,2666,0.4051012753188297,1.3289426580797092,-1.3608234046286334,-0.2711957423161765,0.6650052051502134,-723.0078490149266,752.4724213709105,False
C0320,bollinger_reentry,100,40,2.0,14,1.25,1.5,short,2328,0.4106529209621993,1.2350238876861255,-1.3223714553426267,-0.2721695876727439,0.6507672257264212,-633.6108001021478,633.6108001021471,False
C0344,bollinger_reentry,200,40,2.0,14,1.25,1.5,short,2328,0.4106529209621993,1.2350238876861255,-1.3223714553426267,-0.2721695876727439,0.6507672257264212,-633.6108001021478,633.6108001021471,False
C0271,rsi_pullback,200,7,30.0,14,1.25,1.5,long,1115,0.39820627802690584,1.2393210364170228,-1.2728511782139087,-0.2724884308631163,0.6442681210104382,-303.8246004123747,311.4315919105595,False
C0134,donchian_breakout,200,48,0.0,14,1.25,2.5,short,1270,0.28503937007874014,2.2997850028567774,-1.2991773118410035,-0.27333136072242353,0.7057347979726893,-347.1308281174779,353.4725270051654,False
C0114,donchian_breakout,200,20,0.0,14,1.25,2.0,both,4201,0.3396810283265889,1.7986448877527794,-1.341868754528047,-0.27509585104441464,0.6895295831057016,-1155.677670237586,1166.8693925857688,False
C0322,bollinger_reentry,100,40,2.0,14,1.25,2.0,short,2286,0.3429571303587052,1.7242236558979054,-1.3187441829475106,-0.27513666516325597,0.6824630964334625,-628.9624165632031,628.9624165632036,False
C0346,bollinger_reentry,200,40,2.0,14,1.25,2.0,short,2286,0.3429571303587052,1.7242236558979054,-1.3187441829475106,-0.27513666516325597,0.6824630964334625,-628.9624165632031,628.9624165632036,False
C0060,donchian_breakout,100,20,0.0,14,1.25,2.0,both,4779,0.3400292948315547,1.7915576718874509,-1.3422303687828014,-0.276650631162136,0.6876942745689183,-1322.113366323848,1338.1883416573974,False
C0302,rsi_pullback,200,14,30.0,14,1.75,1.5,short,85,0.3764705882352941,1.3071099897402871,-1.2359181431474464,-0.27854284606029933,0.6385523901782724,-23.676141915125445,31.76643221612949,False
C0063,donchian_breakout,100,20,0.0,14,1.25,2.5,both,4474,0.2930263746088511,2.2813638453908904,-1.3413312037374057,-0.27978600717790725,0.7049560249542459,-1251.762596113957,1271.972576387444,False
C0113,donchian_breakout,200,20,0.0,14,1.25,2.0,short,2042,0.33349657198824684,1.801473537141893,-1.3244124172165972,-0.2819401670118314,0.6806026405887974,-575.7218210381596,583.3580332549616,False
C0116,donchian_breakout,200,20,0.0,14,1.25,2.5,short,1925,0.28935064935064936,2.28060430636611,-1.3288348377378947,-0.284441277599749,0.6987921738685234,-547.5494593795169,552.4061721432091,False
C0109,donchian_breakout,200,20,0.0,14,1.25,1.5,long,2342,0.39795046968403075,1.330869734789365,-1.3567043945609591,-0.2871830074753474,0.6484061372765006,-672.5826035072637,686.8491189979155,False
C0131,donchian_breakout,200,48,0.0,14,1.25,2.0,short,1333,0.32408102025506375,1.8174899491570526,-1.296498958926012,-0.2873142565315005,0.672138544700474,-382.98990395649014,388.8312527741634,False
C0152,donchian_breakout,200,96,0.0,14,1.25,2.5,short,885,0.27231638418079096,2.340868636428903,-1.2711861663823127,-0.2875644630179024,0.6891266733655408,-254.4945497708436,261.5755661767454,False
C0228,rsi_pullback,100,7,30.0,14,1.25,2.5,short,579,0.28324697754749567,2.2349949553128514,-1.28655029313196,-0.28908324521322226,0.6865078861001394,-167.3791989784557,176.88863166230402,False
C0001,donchian_breakout,50,20,0.0,14,1.25,1.5,long,2939,0.3977543382102756,1.3216037639089242,-1.3535481863205179,-0.28949489274507795,0.6448649763900864,-850.8254897777841,876.5927893366544,False
C0111,donchian_breakout,200,20,0.0,14,1.25,1.5,both,4511,0.3928175570826868,1.3283687847954673,-1.3389632938550542,-0.29118842279127144,0.6418324572083527,-1313.5509752114256,1323.088136622103,False
C0041,donchian_breakout,50,96,0.0,14,1.25,2.0,short,943,0.31283138918345704,1.8612114209861998,-1.2716406219212704,-0.291586165232295,0.6663130607168758,-274.9657538140542,282.0467702199559,False
C0095,donchian_breakout,100,96,0.0,14,1.25,2.0,short,943,0.31283138918345704,1.8612114209861998,-1.2716406219212704,-0.291586165232295,0.6663130607168758,-274.9657538140542,282.0467702199559,False
C0146,donchian_breakout,200,96,0.0,14,1.25,1.5,short,981,0.37003058103975534,1.3792492836114683,-1.273211730960326,-0.29172004055302597,0.6362976006267921,-286.17735978251847,291.2896506709053,False
C0006,donchian_breakout,50,20,0.0,14,1.25,2.0,both,5262,0.3339034587609274,1.792795614874257,-1.3375398715372817,-0.2923100255423989,0.6719048615314505,-1538.1353544041028,1551.651832958246,False
C0038,donchian_breakout,50,96,0.0,14,1.25,1.5,short,995,0.3698492462311558,1.3781425917737278,-1.273200001333317,-0.2926029417721185,0.6352984596218006,-291.1399270632579,296.25221795164464,False
C0092,donchian_breakout,100,96,0.0,14,1.25,1.5,short,995,0.3698492462311558,1.3781425917737278,-1.273200001333317,-0.2926029417721185,0.6352984596218006,-291.1399270632579,296.25221795164464,False
C0250,rsi_pullback,100,14,30.0,14,1.25,2.0,short,21,0.3333333333333333,1.7347801939860144,-1.3071961645633903,-0.29320404504692205,0.6635500627273639,-6.157284945985363,10.546332860374482,False
C0252,rsi_pullback,100,14,30.0,14,1.25,2.5,short,21,0.2857142857142857,2.2047245081508744,-1.2923754663260483,-0.2932040450469274,0.6823789419087141,-6.157284945985475,10.630518411349799,False
C0044,donchian_breakout,50,96,0.0,14,1.25,2.5,short,898,0.27060133630289535,2.34017474091509,-1.2708579561618216,-0.29370768289936106,0.6831502771342213,-263.74949924362625,270.83051564952797,False
C0098,donchian_breakout,100,96,0.0,14,1.25,2.5,short,898,0.27060133630289535,2.34017474091509,-1.2708579561618216,-0.29370768289936106,0.6831502771342213,-263.74949924362625,270.83051564952797,False
C0149,donchian_breakout,200,96,0.0,14,1.25,2.0,short,930,0.3118279569892473,1.8622987414451386,-1.2715474047548991,-0.2943265634667154,0.6636434584049095,-273.7237040240453,280.80472042994694,False
C0057,donchian_breakout,100,20,0.0,14,1.25,1.5,both,5167,0.39268434294561644,1.323012576141475,-1.3406480550908533,-0.2946702302852806,0.6380846508468753,-1522.5610798840448,1541.12613643302,False
C0080,donchian_breakout,100,48,0.0,14,1.25,2.5,short,1406,0.2773826458036984,2.300346080126475,-1.2942350657424544,-0.29716063694524075,0.6822615804798359,-417.8078555450085,423.0757162068087,False
C0110,donchian_breakout,200,20,0.0,14,1.25,1.5,short,2185,0.38672768878718533,1.3252830653204708,-1.3212084869040812,-0.2977369255174695,0.632541762489382,-650.5551822556708,653.4104947393062,False
C0128,donchian_breakout,200,48,0.0,14,1.25,1.5,short,1420,0.37816901408450704,1.3355371223789654,-1.2921169427918588,-0.2984195956110612,0.6285903724730317,-423.7558257677069,427.12809899785134,False
C0009,donchian_breakout,50,20,0.0,14,1.25,2.5,both,4881,0.28703134603564845,2.283777323535078,-1.3381803536469663,-0.2985649662812536,0.6870652730572842,-1457.295600418799,1471.7497708997364,False
C0026,donchian_breakout,50,48,0.0,14,1.25,2.5,short,1437,0.2762700069589422,2.298770771913231,-1.2956151454388922,-0.30259412303889727,0.6772933599432323,-434.82775480689537,440.0956154686955,False
C0077,donchian_breakout,100,48,0.0,14,1.25,2.0,short,1472,0.3179347826086957,1.8183390786978124,-1.292101357935664,-0.30318415389730324,0.6559797452008946,-446.2870745368304,451.05458512861657,False
C0003,donchian_breakout,50,20,0.0,14,1.25,1.5,both,5689,0.3875900861311303,1.319567701201835,-1.3359841762477394,-0.30671859534137424,0.6251162808813673,-1744.922088897078,1759.8525620677044,False
C0059,donchian_breakout,100,20,0.0,14,1.25,2.0,short,2354,0.3262531860662702,1.7892759466828956,-1.3239265059603313,-0.30823428691615207,0.6544424828849085,-725.583511400622,728.3641374253706,False
C0023,donchian_breakout,50,48,0.0,14,1.25,2.0,short,1507,0.3165228931652289,1.8167291231823912,-1.2933812490499197,-0.3089601159677616,0.6504962123631899,-465.60289476341666,470.3704053552028,False
C0295,rsi_pullback,200,14,30.0,14,1.25,1.5,long,93,0.3655913978494624,1.275355990199878,-1.2230366283938259,-0.30964577858537506,0.6009230570403247,-28.797057408439883,35.369845433560876,False
C0074,donchian_breakout,100,48,0.0,14,1.25,1.5,short,1568,0.3718112244897959,1.33606212015472,-1.2878735781689241,-0.31226483319272214,0.6140245592014261,-489.6312584461883,491.92969345044537,False
C0274,rsi_pullback,200,7,30.0,14,1.25,2.0,short,931,0.3297529538131042,1.7241595376474446,-1.3149125820552163,-0.3127695737322123,0.6451108609724027,-291.1884731446897,291.1884731446897,False
C0227,rsi_pullback,100,7,30.0,14,1.25,2.5,long,738,0.2764227642276423,2.2323701026039644,-1.2866171555022043,-0.31388897033464547,0.6628355149532564,-231.65006010696834,235.71934935630716,False
C0005,donchian_breakout,50,20,0.0,14,1.25,2.0,short,2620,0.32213740458015266,1.7929763516715411,-1.3220482484851466,-0.3185823085873435,0.6445056687779303,-834.6856484988399,836.957772041995,False
C0020,donchian_breakout,50,48,0.0,14,1.25,1.5,short,1603,0.36930754834684965,1.3353674552385326,-1.289146447896307,-0.3198936527273581,0.6065534572841784,-512.789525321955,515.087960326212,False
C0056,donchian_breakout,100,20,0.0,14,1.25,1.5,short,2525,0.3798019801980198,1.315938450099861,-1.3218550918344327,-0.3200158812542394,0.6096471920126803,-808.0401001669545,809.8200260516763,False
C0062,donchian_breakout,100,20,0.0,14,1.25,2.5,short,2227,0.2797485406376291,2.2732383151072546,-1.327742238385316,-0.3203731836812874,0.6649896390574819,-713.4710800582271,717.2524062230042,False
C0300,rsi_pullback,200,14,30.0,14,1.25,2.5,short,87,0.28735632183908044,2.252380637288056,-1.361768005878835,-0.3232195451986935,0.6669403268292706,-28.120100432286335,40.21898365718587,False
C0266,rsi_pullback,200,7,20.0,14,1.75,1.5,short,173,0.36416184971098264,1.2977966825692704,-1.2571795465570477,-0.32675467699081606,0.591231027101881,-56.52855911941118,61.28977312596649,False
C0002,donchian_breakout,50,20,0.0,14,1.25,1.5,short,2799,0.3762057877813505,1.3156713031271186,-1.3198122415738072,-0.3283280784548094,0.6012005673129794,-918.9902915950115,918.9902915950122,False
C0276,rsi_pullback,200,7,30.0,14,1.25,2.5,short,904,0.2776548672566372,2.2203072737720793,-1.3088924025081654,-0.32899293486840736,0.6520331482053879,-297.40961312104025,297.4096131210401,False
C0171,rsi_pullback,50,7,20.0,14,1.75,2.0,long,14,0.2857142857142857,1.847827010345284,-1.2012735058829236,-0.33010192981772135,0.6152893579342368,-4.621427017448099,7.285499211019403,False
C0209,rsi_pullback,50,14,30.0,14,1.75,2.5,long,4,0.25,2.4254777560609586,-1.2491049564822794,-0.33045927834647,0.6472575272061396,-1.32183711338588,3.7473148694468383,False
C0268,rsi_pullback,200,7,20.0,14,1.75,2.0,short,172,0.3023255813953488,1.7830638471540001,-1.2467321836440324,-0.330747337123697,0.6197489810321689,-56.88854198527589,60.71920094641818,False
C0223,rsi_pullback,100,7,30.0,14,1.25,1.5,long,774,0.3785529715762274,1.227169016094485,-1.2803514756193737,-0.3311221421928098,0.5838452068892732,-256.28853805723475,257.731769002429,False
C0008,donchian_breakout,50,20,0.0,14,1.25,2.5,short,2469,0.275820170109356,2.2741042001397846,-1.3258176227438527,-0.332886573175705,0.6532902406434281,-821.8969491708157,822.1676724339159,False
C0215,rsi_pullback,100,7,20.0,14,1.25,2.5,long,73,0.2602739726027397,2.281657847813887,-1.2558181063679565,-0.3351051867863809,0.6392689633751815,-24.462678635405805,30.108080362873157,False
C0225,rsi_pullback,100,7,30.0,14,1.25,2.0,long,752,0.31382978723404253,1.7255385056394505,-1.2849608361141316,-0.3401764682233798,0.6141819730752894,-255.81270410398164,259.077365907898,False
C0248,rsi_pullback,100,14,30.0,14,1.25,1.5,short,21,0.38095238095238093,1.2512225519356779,-1.3205973462691394,-0.3408564326673042,0.5830566834461671,-7.1579850860133885,11.576137523423874,False
C0260,rsi_pullback,200,7,20.0,14,1.25,1.5,short,177,0.3954802259887006,1.2135667521458446,-1.375771868350468,-0.3517396455553162,0.5770739993781977,-62.25791726329097,66.5219365364013,False
C0259,rsi_pullback,200,7,20.0,14,1.25,1.5,long,186,0.3602150537634409,1.256846144234191,-1.2590049089670812,-0.3527574865773756,0.5620598135565057,-65.61289250339186,77.27530401254447,False
C0264,rsi_pullback,200,7,20.0,14,1.25,2.5,short,177,0.2824858757062147,2.2071481679473597,-1.3606497226123684,-0.3527972111548178,0.6386331156298433,-62.445106374402755,67.70982578754104,False
C0270,rsi_pullback,200,7,20.0,14,1.75,2.5,short,171,0.25146198830409355,2.3053756295454355,-1.2503572263044211,-0.3562255724942233,0.6193926897510995,-60.91457289651218,64.24488178764042,False
C0261,rsi_pullback,200,7,20.0,14,1.25,2.0,long,185,0.2972972972972973,1.7603226875448008,-1.258291612464561,-0.3608657394888046,0.5918754435708596,-66.76016180542885,80.42117359452534,False
C0258,rsi_pullback,100,14,30.0,14,1.75,2.5,short,21,0.23809523809523808,2.2353804169140448,-1.1744619574175121,-0.36259472543380816,0.5947884270527356,-7.614489234109971,11.333596098433162,False
C0298,rsi_pullback,200,14,30.0,14,1.25,2.0,short,87,0.3218390804597701,1.7402410477997254,-1.3618525467928237,-0.36347759680901487,0.6064365113354797,-31.622550922384292,42.44860727377597,False
C0263,rsi_pullback,200,7,20.0,14,1.25,2.5,long,185,0.25405405405405407,2.2626491539145768,-1.2580023341260833,-0.3635665506779156,0.6125683332179394,-67.25981187541439,84.41837415441302,False
C0213,rsi_pullback,100,7,20.0,14,1.25,2.0,long,73,0.2876712328767123,1.7851199823299861,-1.2586105529661085,-0.3830168373329852,0.5727854715018361,-27.96022912530792,31.559342024005957,False
C0306,rsi_pullback,200,14,30.0,14,1.75,2.5,short,84,0.23809523809523808,2.3002619754137843,-1.2274041238622544,-0.3874836240346261,0.5856521526543923,-32.548624418908595,35.27890684221131,False
C0211,rsi_pullback,100,7,20.0,14,1.25,1.5,long,73,0.3424657534246575,1.2821466787003695,-1.260698878391729,-0.38986135883964046,0.529694076781973,-28.45987919529375,29.903110140487936,False
C0262,rsi_pullback,200,7,20.0,14,1.25,2.0,short,177,0.3163841807909605,1.717224105848185,-1.3687153494388204,-0.3923729229073387,0.5806527608783677,-69.45000735459895,74.71472676773728,False
C0304,rsi_pullback,200,14,30.0,14,1.75,2.0,short,84,0.27380952380952384,1.8028256576815844,-1.2297428636985759,-0.39939672093972217,0.5527610336834676,-33.54932455893666,38.28100726229538,False
C0249,rsi_pullback,100,14,30.0,14,1.25,2.0,long,11,0.2727272727272727,1.726452593304933,-1.2041826043814419,-0.4049184595578851,0.5376424805786935,-4.454103055136736,7.238166461671666,False
C0165,rsi_pullback,50,7,20.0,14,1.25,2.0,long,14,0.2857142857142857,1.8253698796313842,-1.2972037230975284,-0.40503983660355336,0.5628629789229017,-5.670557712449747,8.871167922245633,False
C0203,rsi_pullback,50,14,30.0,14,1.25,2.5,long,4,0.25,2.39636871851335,-1.3490268830863943,-0.41267798268645817,0.5921227981834276,-1.6507119307458327,4.047080649259183,False
C0200,rsi_pullback,50,14,30.0,14,1.25,1.5,short,16,0.3125,1.2065119154440254,-1.1964598985685717,-0.4455312066896351,0.4583643026198598,-7.128499307034161,8.5929475742519,False
C0207,rsi_pullback,50,14,30.0,14,1.75,2.0,long,4,0.25,1.9258276860749575,-1.2491049564822794,-0.4553717958429703,0.5139220356893146,-1.821487183371881,3.7473148694468383,False
C0256,rsi_pullback,100,14,30.0,14,1.75,2.0,short,21,0.23809523809523808,1.7350303469000417,-1.1744619574175121,-0.48172569448476127,0.4616556372745211,-10.116239584179986,12.834646308475177,False
C0210,rsi_pullback,50,14,30.0,14,1.75,2.5,short,16,0.1875,2.214561750422077,-1.1270998737464988,-0.5005383192148909,0.4534227387827808,-8.008613107438254,10.379841581799415,False
C0166,rsi_pullback,50,7,20.0,14,1.25,2.0,short,18,0.2777777777777778,1.7653616556204206,-1.3744780338243987,-0.5023003423119486,0.4939949824243218,-9.041406161615075,11.506554568860826,False
C0167,rsi_pullback,50,7,20.0,14,1.25,2.5,long,14,0.21428571428571427,2.3243604688384942,-1.2856899389930216,-0.512107708743411,0.4930554967225642,-7.169507922407754,10.69934896541319,False
C0206,rsi_pullback,50,14,30.0,14,1.75,1.5,short,16,0.25,1.2706256262033444,-1.1326221401887993,-0.5318101985907634,0.37394808062864965,-8.508963177452214,11.222923601572669,False
C0201,rsi_pullback,50,14,30.0,14,1.25,2.0,long,4,0.25,1.8967186485273415,-1.3490268830863943,-0.5375905001829603,0.4686634176352615,-2.150362000731841,4.047080649259183,False
C0170,rsi_pullback,50,7,20.0,14,1.75,1.5,short,18,0.2777777777777778,1.2909266033873734,-1.2451539285011077,-0.540687114087641,0.39875409835453524,-9.732368053577538,12.446328477697994,False
C0247,rsi_pullback,100,14,30.0,14,1.25,1.5,long,11,0.2727272727272727,1.226802523318894,-1.2041826043814419,-0.5411866604631684,0.38204417218010034,-5.953053265094853,7.238166461671666,False
C0163,rsi_pullback,50,7,20.0,14,1.25,1.5,long,14,0.2857142857142857,1.3257198096453835,-1.2972037230975284,-0.5477969994566966,0.4087930942657991,-7.669157992393751,9.370817992231634,False
C0205,rsi_pullback,50,14,30.0,14,1.75,1.5,long,4,0.25,1.4261776160889652,-1.2491049564822794,-0.5802843133394684,0.380586544172492,-2.3211372533578736,3.747314869446839,False
C0208,rsi_pullback,50,14,30.0,14,1.75,2.0,short,16,0.1875,1.7142116804080816,-1.1270998737464988,-0.5943539573425151,0.35097804558212276,-9.509663317480241,11.380541721827397,False
C0174,rsi_pullback,50,7,20.0,14,1.75,2.5,short,18,0.16666666666666666,2.214561750422077,-1.2251635723266558,-0.6518760185352004,0.3615128298691574,-11.733768333633607,14.104996807994766,False
C0199,rsi_pullback,50,14,30.0,14,1.25,1.5,long,4,0.25,1.397068578541346,-1.3490268830863943,-0.6625030176794592,0.34520403708709857,-2.6500120707178367,4.047080649259183,False
C0202,rsi_pullback,50,14,30.0,14,1.25,2.0,short,16,0.1875,1.760252416733952,-1.2239774651795419,-0.6644343623207616,0.33187873774276344,-10.630949797132185,13.096098204377938,False
C0172,rsi_pullback,50,7,20.0,14,1.75,2.0,short,18,0.16666666666666666,1.7142116804080816,-1.2251635723266558,-0.7352676968708663,0.27983392897532783,-13.234818543675594,15.105696948022752,False
C0168,rsi_pullback,50,7,20.0,14,1.25,2.5,short,18,0.16666666666666666,2.228501811377726,-1.3486708150582856,-0.7524753773189503,0.3304737948646745,-13.544556791741105,15.91097797063895,False
C0204,rsi_pullback,50,14,30.0,14,1.25,2.5,short,16,0.125,2.182121330574545,-1.2140423384526644,-0.7895218798242631,0.2567716205439905,-12.63235007718821,14.951369801265837,False
C0187,rsi_pullback,50,14,20.0,14,1.25,1.5,long,0,,,,,,0.0,,False
C0188,rsi_pullback,50,14,20.0,14,1.25,1.5,short,0,,,,,,0.0,,False
C0189,rsi_pullback,50,14,20.0,14,1.25,2.0,long,0,,,,,,0.0,,False
C0190,rsi_pullback,50,14,20.0,14,1.25,2.0,short,0,,,,,,0.0,,False
C0191,rsi_pullback,50,14,20.0,14,1.25,2.5,long,0,,,,,,0.0,,False
C0192,rsi_pullback,50,14,20.0,14,1.25,2.5,short,0,,,,,,0.0,,False
C0193,rsi_pullback,50,14,20.0,14,1.75,1.5,long,0,,,,,,0.0,,False
C0194,rsi_pullback,50,14,20.0,14,1.75,1.5,short,0,,,,,,0.0,,False
C0195,rsi_pullback,50,14,20.0,14,1.75,2.0,long,0,,,,,,0.0,,False
C0196,rsi_pullback,50,14,20.0,14,1.75,2.0,short,0,,,,,,0.0,,False
C0197,rsi_pullback,50,14,20.0,14,1.75,2.5,long,0,,,,,,0.0,,False
C0198,rsi_pullback,50,14,20.0,14,1.75,2.5,short,0,,,,,,0.0,,False
C0235,rsi_pullback,100,14,20.0,14,1.25,1.5,long,0,,,,,,0.0,,False
C0236,rsi_pullback,100,14,20.0,14,1.25,1.5,short,0,,,,,,0.0,,False
C0237,rsi_pullback,100,14,20.0,14,1.25,2.0,long,0,,,,,,0.0,,False
C0238,rsi_pullback,100,14,20.0,14,1.25,2.0,short,0,,,,,,0.0,,False
C0239,rsi_pullback,100,14,20.0,14,1.25,2.5,long,0,,,,,,0.0,,False
C0240,rsi_pullback,100,14,20.0,14,1.25,2.5,short,0,,,,,,0.0,,False
C0241,rsi_pullback,100,14,20.0,14,1.75,1.5,long,0,,,,,,0.0,,False
C0242,rsi_pullback,100,14,20.0,14,1.75,1.5,short,0,,,,,,0.0,,False
C0243,rsi_pullback,100,14,20.0,14,1.75,2.0,long,0,,,,,,0.0,,False
C0244,rsi_pullback,100,14,20.0,14,1.75,2.0,short,0,,,,,,0.0,,False
C0245,rsi_pullback,100,14,20.0,14,1.75,2.5,long,0,,,,,,0.0,,False
C0246,rsi_pullback,100,14,20.0,14,1.75,2.5,short,0,,,,,,0.0,,False
C0283,rsi_pullback,200,14,20.0,14,1.25,1.5,long,0,,,,,,0.0,,False
C0285,rsi_pullback,200,14,20.0,14,1.25,2.0,long,0,,,,,,0.0,,False
C0287,rsi_pullback,200,14,20.0,14,1.25,2.5,long,0,,,,,,0.0,,False
C0289,rsi_pullback,200,14,20.0,14,1.75,1.5,long,0,,,,,,0.0,,False
C0291,rsi_pullback,200,14,20.0,14,1.75,2.0,long,0,,,,,,0.0,,False
C0293,rsi_pullback,200,14,20.0,14,1.75,2.5,long,0,,,,,,0.0,,False
