config_id,family,direction,params_json,trades,winrate,avg_win_r,avg_loss_r,expectancy_r,profit_factor_r,total_r,max_drawdown_r,cost_r_per_trade,evidence,fee_per_fill,slippage_per_fill
51ab427d075eee,atr_expansion_breakout,long,"{""atr_mean_window"": 192, ""atr_window"": 14, ""expansion_mult"": 1.5, ""lookback"": 96, ""rr"": 2.5, ""sl_atr"": 2.25}",167,0.4251497005988024,2.381437576992426,-1.1380961365696274,0.3582325679986707,1.547559546793666,59.82483885577801,11.910080717186226,0.13685040724146125,exploratory,0.0005,0.0002
111d9e990bb7ae,atr_expansion_breakout,long,"{""atr_mean_window"": 48, ""atr_window"": 14, ""expansion_mult"": 1.5, ""lookback"": 96, ""rr"": 2.5, ""sl_atr"": 2.25}",161,0.422360248447205,2.367345301041188,-1.1617252449037727,0.3288138676692541,1.4899927183241906,52.939032694749905,10.32090280019809,0.1561678525930561,exploratory,0.0005,0.0002
99a721e5b120ae,atr_expansion_breakout,long,"{""atr_mean_window"": 192, ""atr_window"": 14, ""expansion_mult"": 1.5, ""lookback"": 96, ""rr"": 2.5, ""sl_atr"": 1.75}",189,0.42857142857142855,2.3650325322241663,-1.204167566247856,0.32548961881158217,1.473029542470691,61.51753795538903,14.953341343700444,0.17602779862046938,exploratory,0.0005,0.0002
93983b74b7b9d7,atr_expansion_breakout,long,"{""atr_mean_window"": 48, ""atr_window"": 14, ""expansion_mult"": 1.5, ""lookback"": 96, ""rr"": 2.0, ""sl_atr"": 2.25}",174,0.47701149425287354,1.8767226515765774,-1.1644712131957555,0.2862132165519666,1.4699685363169352,49.801099680042185,11.08463710843715,0.15655743928937693,exploratory,0.0005,0.0002
7f53c01695b964,atr_expansion_breakout,long,"{""atr_mean_window"": 48, ""atr_window"": 14, ""expansion_mult"": 1.5, ""lookback"": 96, ""rr"": 2.5, ""sl_atr"": 1.75}",180,0.4222222222222222,2.353473564591111,-1.2254708179748977,0.2856390324418617,1.4034165817787714,51.415025839535105,12.557492246524774,0.19919793224942697,exploratory,0.0005,0.0002
cf6e6f8b442621,atr_expansion_breakout,long,"{""atr_mean_window"": 192, ""atr_window"": 14, ""expansion_mult"": 1.25, ""lookback"": 96, ""rr"": 2.5, ""sl_atr"": 2.25}",275,0.4072727272727273,2.370137602115971,-1.1598282260729917,0.2778305839530585,1.4041396559867854,76.40341058709109,15.735767313350964,0.1426563807257673,exploratory,0.0005,0.0002
0049a2440077d5,atr_expansion_breakout,long,"{""atr_mean_window"": 192, ""atr_window"": 14, ""expansion_mult"": 1.5, ""lookback"": 48, ""rr"": 2.5, ""sl_atr"": 2.25}",187,0.40106951871657753,2.379389870852788,-1.1329959567613166,0.2757149366668003,1.4063081354051972,51.55869315669165,13.954425269132145,0.13638001428805488,exploratory,0.0005,0.0002
415dd941af93e8,atr_expansion_breakout,long,"{""atr_mean_window"": 192, ""atr_window"": 14, ""expansion_mult"": 1.5, ""lookback"": 20, ""rr"": 2.5, ""sl_atr"": 1.25}",285,0.4070175438596491,2.4821246878513725,-1.2399040885214088,0.2750269222127759,1.3740634474135265,78.38267283064114,13.007704042640086,0.243291146247985,exploratory,0.0005,0.0002
836ff872e09519,atr_expansion_breakout,long,"{""atr_mean_window"": 192, ""atr_window"": 14, ""expansion_mult"": 1.5, ""lookback"": 96, ""rr"": 2.5, ""sl_atr"": 1.25}",206,0.4320388349514563,2.3572088315287756,-1.3140196783456777,0.27209360990105214,1.3645841902015838,56.05128363961674,21.326635280458603,0.24575129300489734,exploratory,0.0005,0.0002
b4dbb83f1cf790,atr_expansion_breakout,long,"{""atr_mean_window"": 192, ""atr_window"": 14, ""expansion_mult"": 1.5, ""lookback"": 96, ""rr"": 2.0, ""sl_atr"": 1.75}",201,0.47761194029850745,1.8824901111756873,-1.2065897046334026,0.2687916999321328,1.4264449707491809,54.0271316863587,15.555829858138615,0.17569731760411084,exploratory,0.0005,0.0002
746a32c45fd61c,atr_expansion_breakout,long,"{""atr_mean_window"": 192, ""atr_window"": 14, ""expansion_mult"": 1.5, ""lookback"": 48, ""rr"": 2.5, ""sl_atr"": 1.75}",216,0.41203703703703703,2.3574118046899812,-1.1959189713819034,0.26818491320327115,1.3814016940809088,57.92794125190657,15.963866254806717,0.17711651990248659,exploratory,0.0005,0.0002
d4144b222f8101,atr_expansion_breakout,long,"{""atr_mean_window"": 48, ""atr_window"": 14, ""expansion_mult"": 1.5, ""lookback"": 20, ""rr"": 2.0, ""sl_atr"": 2.25}",206,0.46601941747572817,1.8658689198656004,-1.1314622484601702,0.2653522765848492,1.4391948966189574,54.66256897647894,12.08703241447579,0.15711769929376604,exploratory,0.0005,0.0002
dceb0551e460a1,atr_expansion_breakout,long,"{""atr_mean_window"": 48, ""atr_window"": 14, ""expansion_mult"": 1.5, ""lookback"": 20, ""rr"": 2.5, ""sl_atr"": 1.25}",240,0.425,2.310434163762865,-1.256847437060879,0.2592472432892123,1.3587267297867922,62.21933838941094,20.650652696673326,0.27422784788750043,exploratory,0.0005,0.0002
4e33ddc251a42c,atr_expansion_breakout,long,"{""atr_mean_window"": 48, ""atr_window"": 14, ""expansion_mult"": 1.5, ""lookback"": 48, ""rr"": 2.5, ""sl_atr"": 2.25}",179,0.4022346368715084,2.3628175402864167,-1.159091397578807,0.25754236513793116,1.37170658108396,46.10008335968968,16.16320166554,0.16086818373434028,exploratory,0.0005,0.0002
0e8713b75bea49,atr_expansion_breakout,long,"{""atr_mean_window"": 192, ""atr_window"": 7, ""expansion_mult"": 1.5, ""lookback"": 48, ""rr"": 2.5, ""sl_atr"": 1.75}",301,0.39867109634551495,2.3993964731969775,-1.1653250241851705,0.2558264033425958,1.3650784628430888,77.00374740612133,14.082800247937257,0.1524589667746052,meaningful,0.0005,0.0002
3299c83a435c9c,atr_expansion_breakout,long,"{""atr_mean_window"": 192, ""atr_window"": 14, ""expansion_mult"": 1.5, ""lookback"": 20, ""rr"": 2.5, ""sl_atr"": 2.25}",227,0.3788546255506608,2.466544451781488,-1.10215312573927,0.24986445869590726,1.364980190340608,56.71923212397095,12.240166820627305,0.1319420834732816,exploratory,0.0005,0.0002
d469d5382ce9e0,atr_expansion_breakout,long,"{""atr_mean_window"": 192, ""atr_window"": 7, ""expansion_mult"": 1.5, ""lookback"": 96, ""rr"": 2.5, ""sl_atr"": 1.75}",266,0.40225563909774437,2.3700381367702197,-1.1770245665378325,0.2498014081011212,1.3550535563044037,66.44717455489824,13.088158255985235,0.15526120056846196,exploratory,0.0005,0.0002
0049f87d094ef0,atr_expansion_breakout,long,"{""atr_mean_window"": 192, ""atr_window"": 14, ""expansion_mult"": 1.5, ""lookback"": 96, ""rr"": 2.0, ""sl_atr"": 2.25}",183,0.45901639344262296,1.8916996505109334,-1.1511935109905904,0.24554433363305977,1.3942734006218087,44.93461305484994,12.899409641256028,0.13676002365553153,exploratory,0.0005,0.0002
2174e9e9857f24,atr_expansion_breakout,long,"{""atr_mean_window"": 96, ""atr_window"": 14, ""expansion_mult"": 1.5, ""lookback"": 96, ""rr"": 2.5, ""sl_atr"": 2.25}",161,0.39751552795031053,2.3663703305249166,-1.1578071780042885,0.24310810488930845,1.3485116834647108,39.14040488717866,13.22599505182118,0.1565740938723032,exploratory,0.0005,0.0002
d910949f667cc5,atr_expansion_breakout,long,"{""atr_mean_window"": 192, ""atr_window"": 14, ""expansion_mult"": 1.5, ""lookback"": 48, ""rr"": 2.0, ""sl_atr"": 1.75}",230,0.46956521739130436,1.8678675538652998,-1.1965379146329642,0.242400305357525,1.3819220240685635,55.75207023223075,16.432339543838026,0.1761521073470947,exploratory,0.0005,0.0002
c803c6d6167670,bollinger_reentry,long,"{""atr_window"": 14, ""regime_ema"": 200, ""rr"": 2.5, ""sl_atr"": 1.25, ""std_mult"": 2.5, ""window"": 60}",160,0.38125,2.246158339271355,-1.2743347369942428,0.06785324833201609,1.086054167953347,10.856519733122575,28.753518959388753,0.30922097738565,exploratory,0.0005,0.0002
a7c89b7b571260,bollinger_reentry,long,"{""atr_window"": 14, ""regime_ema"": 200, ""rr"": 2.0, ""sl_atr"": 1.75, ""std_mult"": 2.5, ""window"": 60}",148,0.41216216216216217,1.813707295240822,-1.1891651219687334,0.048505266205475045,1.069388770494922,7.178779398410307,20.41523443180718,0.2191438933241743,exploratory,0.0005,0.0002
9cdfd3c661f784,bollinger_reentry,long,"{""atr_window"": 14, ""regime_ema"": 200, ""rr"": 1.5, ""sl_atr"": 2.25, ""std_mult"": 2.5, ""window"": 60}",144,0.4722222222222222,1.3531793578371687,-1.1475485141025037,0.033350758757897274,1.0550660042291755,4.8025092611372076,17.331563289932554,0.17161152271925958,exploratory,0.0005,0.0002
3daa8304824352,bollinger_reentry,short,"{""atr_window"": 14, ""regime_ema"": 100, ""rr"": 2.0, ""sl_atr"": 1.25, ""std_mult"": 2.5, ""window"": 20}",166,0.4457831325301205,1.7102227089908093,-1.3158752746265399,0.03310816385348324,1.0453984086688746,5.495955199678217,34.81342737646395,0.333353526797836,exploratory,0.0005,0.0002
4ca22fd8e83576,bollinger_reentry,long,"{""atr_window"": 14, ""regime_ema"": 200, ""rr"": 2.5, ""sl_atr"": 1.75, ""std_mult"": 2.5, ""window"": 60}",147,0.3469387755102041,2.315993890414737,-1.1901418259778134,0.026272606240010148,1.0338026337927944,3.8620731172814917,23.232290642949984,0.2191992291761045,exploratory,0.0005,0.0002
546569f593f385,bollinger_reentry,short,"{""atr_window"": 14, ""regime_ema"": 100, ""rr"": 2.0, ""sl_atr"": 1.75, ""std_mult"": 2.5, ""window"": 20}",161,0.40993788819875776,1.7900031462142696,-1.2181621392759359,0.014998785210732214,1.0208666753496052,2.4148044189278863,24.823692427287547,0.23946071947770237,exploratory,0.0005,0.0002
b108a6d22cc0cc,bollinger_reentry,long,"{""atr_window"": 14, ""regime_ema"": 200, ""rr"": 1.5, ""sl_atr"": 1.75, ""std_mult"": 2.5, ""window"": 60}",148,0.4797297297297297,1.320084090129039,-1.1953680749428244,0.011369112355163954,1.0182808294027172,1.6826286285642653,22.540792416572902,0.2191438933241743,exploratory,0.0005,0.0002
6582bead21b878,bollinger_reentry,short,"{""atr_window"": 14, ""regime_ema"": 100, ""rr"": 2.5, ""sl_atr"": 1.25, ""std_mult"": 2.5, ""window"": 20}",165,0.37575757575757573,2.2041488191310923,-1.3099203784660902,0.010517744267396623,1.0128624715740104,1.7354278041204427,29.809926676323997,0.3336610084966395,exploratory,0.0005,0.0002
27e7b7da1f6860,breakout_volume,long,"{""atr_window"": 14, ""lookback"": 96, ""rr"": 2.5, ""sl_atr"": 2.25, ""volume_mult"": 1.5, ""volume_window"": 96}",668,0.3323353293413174,2.3745585605210793,-1.168374264559327,0.00906748269793369,1.0116237525766867,6.057078442219705,59.91846511972907,0.16679941337446466,meaningful,0.0005,0.0002
7dcdff225d31c6,rolling_range_breakout,long,"{""atr_window"": 14, ""breakout_atr_buffer"": 0.25, ""lookback"": 96, ""regime_ema"": 200, ""rr"": 2.5, ""sl_atr"": 2.25}",604,0.33112582781456956,2.374502979560424,-1.1624381661360197,0.008734398664127233,1.0112335939917132,5.275576793132849,49.33166677915111,0.16156508786174623,meaningful,0.0005,0.0002
bccc3af87c45cf,bollinger_reentry,long,"{""atr_window"": 14, ""regime_ema"": 200, ""rr"": 2.0, ""sl_atr"": 2.25, ""std_mult"": 2.5, ""window"": 60}",143,0.38461538461538464,1.8598854841593142,-1.1516788218260163,0.006615142014495194,1.0093338572958312,0.9459653080728128,22.66517717731116,0.1716639213539451,exploratory,0.0005,0.0002
882d6e6d2ab2af,breakout_volume,long,"{""atr_window"": 14, ""lookback"": 96, ""rr"": 2.5, ""sl_atr"": 2.25, ""volume_mult"": 1.0, ""volume_window"": 48}",681,0.33186490455212925,2.367112468167071,-1.1675762740560465,0.0054628680033142404,1.007002790936828,3.7202131102569975,61.96270642804947,0.16628107221240368,meaningful,0.0005,0.0002
fb6fa4b459da3e,bollinger_reentry,short,"{""atr_window"": 14, ""regime_ema"": 100, ""rr"": 1.5, ""sl_atr"": 1.75, ""std_mult"": 2.5, ""window"": 20}",162,0.4876543209876543,1.2955928214057255,-1.2242304932838814,0.004572234249939285,1.007289574888295,0.7407019484901642,23.322642217245424,0.23922868261362157,exploratory,0.0005,0.0002
78dd96bfb28fe3,rolling_range_breakout,long,"{""atr_window"": 14, ""breakout_atr_buffer"": 0.25, ""lookback"": 96, ""regime_ema"": 50, ""rr"": 2.5, ""sl_atr"": 2.25}",615,0.3300813008130081,2.37405455831619,-1.1632124638803774,0.004373236129221136,1.0056120532096584,2.6895402194709987,55.23309968590352,0.16263368229729855,meaningful,0.0005,0.0002
848e991f4449ae,rolling_range_breakout,long,"{""atr_window"": 14, ""breakout_atr_buffer"": 0.25, ""lookback"": 96, ""regime_ema"": 100, ""rr"": 2.5, ""sl_atr"": 2.25}",615,0.3300813008130081,2.37405455831619,-1.1632124638803774,0.004373236129221136,1.0056120532096584,2.6895402194709987,55.23309968590352,0.16263368229729855,meaningful,0.0005,0.0002
3458e496ee773b,breakout_volume,long,"{""atr_window"": 14, ""lookback"": 48, ""rr"": 2.0, ""sl_atr"": 2.25, ""volume_mult"": 1.5, ""volume_window"": 96}",1006,0.38767395626242546,1.867565071116463,-1.1762609794585313,0.0037511077425104217,1.0052080256776894,3.773614388965484,68.18325963772577,0.17880685579688022,meaningful,0.0005,0.0002
4a9dd18cc2c405,breakout_volume,long,"{""atr_window"": 14, ""lookback"": 96, ""rr"": 2.5, ""sl_atr"": 2.25, ""volume_mult"": 1.25, ""volume_window"": 48}",676,0.33136094674556216,2.3667533695487593,-1.1677740772257317,0.00343028383563816,1.004393184954563,2.318871872891396,62.06777811559419,0.1664800690436204,meaningful,0.0005,0.0002
d6bc7b9a3a273e,breakout_volume,long,"{""atr_window"": 14, ""lookback"": 96, ""rr"": 2.5, ""sl_atr"": 2.25, ""volume_mult"": 1.5, ""volume_window"": 48}",659,0.330804248861912,2.3738046478325465,-1.1691066189362291,0.0029034814516207988,1.0037111778016976,1.9133942766181065,60.038540243321194,0.16791610206932386,meaningful,0.0005,0.0002
3de3200ec6e0ea,breakout_volume,long,"{""atr_window"": 14, ""lookback"": 96, ""rr"": 2.5, ""sl_atr"": 2.25, ""volume_mult"": 1.25, ""volume_window"": 96}",680,0.32941176470588235,2.374815456167817,-1.1668713334514622,-0.00019803804746423162,0.9997469130598419,-0.1346658722756775,60.76312615621866,0.16594994871330077,meaningful,0.0005,0.0002
304b40bb0c7e9a,breakout_volume,long,"{""atr_window"": 14, ""lookback"": 96, ""rr"": 2.5, ""sl_atr"": 2.25, ""volume_mult"": 1.5, ""volume_window"": 20}",653,0.32924961715160794,2.3728480285927565,-1.1698265661806841,-0.0034023121588009604,0.9956639752926401,-2.221709839697027,61.424169079045086,0.16852489102593415,meaningful,0.0005,0.0002
de0bc749c64411,donchian_breakout,long,"{""atr_window"": 14, ""lookback"": 96, ""regime_ema"": 50, ""rr"": 2.5, ""sl_atr"": 2.25}",689,0.32946298984034833,2.365622150055132,-1.1674130702843406,-0.003408723380043964,0.9956454382403901,-2.3486104088502913,65.24598429832378,0.1670124709616356,meaningful,0.0005,0.0002
b9521701570833,donchian_breakout,long,"{""atr_window"": 14, ""lookback"": 96, ""regime_ema"": 100, ""rr"": 2.5, ""sl_atr"": 2.25}",689,0.32946298984034833,2.365622150055132,-1.1674130702843406,-0.003408723380043964,0.9956454382403901,-2.3486104088502913,65.24598429832378,0.1670124709616356,meaningful,0.0005,0.0002
a88e6bd63fe5ba,rolling_range_breakout,long,"{""atr_window"": 14, ""breakout_atr_buffer"": 0.0, ""lookback"": 96, ""regime_ema"": 50, ""rr"": 2.5, ""sl_atr"": 2.25}",689,0.32946298984034833,2.365622150055132,-1.1674130702843406,-0.003408723380043964,0.9956454382403901,-2.3486104088502913,65.24598429832378,0.1670124709616356,meaningful,0.0005,0.0002
883b77eca4853f,rolling_range_breakout,long,"{""atr_window"": 14, ""breakout_atr_buffer"": 0.0, ""lookback"": 96, ""regime_ema"": 100, ""rr"": 2.5, ""sl_atr"": 2.25}",689,0.32946298984034833,2.365622150055132,-1.1674130702843406,-0.003408723380043964,0.9956454382403901,-2.3486104088502913,65.24598429832378,0.1670124709616356,meaningful,0.0005,0.0002
eebc1c49a75e76,donchian_breakout,long,"{""atr_window"": 14, ""lookback"": 96, ""regime_ema"": 200, ""rr"": 2.5, ""sl_atr"": 2.25}",675,0.3288888888888889,2.365816290266538,-1.1668151311618689,-0.004971908114303858,0.9936506888213099,-3.356037977155104,60.450853970073084,0.1661720150798241,meaningful,0.0005,0.0002
216b9112ded3ea,rolling_range_breakout,long,"{""atr_window"": 14, ""breakout_atr_buffer"": 0.0, ""lookback"": 96, ""regime_ema"": 200, ""rr"": 2.5, ""sl_atr"": 2.25}",675,0.3288888888888889,2.365816290266538,-1.1668151311618689,-0.004971908114303858,0.9936506888213099,-3.356037977155104,60.450853970073084,0.1661720150798241,meaningful,0.0005,0.0002
3f25924ef99a4b,breakout_volume,long,"{""atr_window"": 14, ""lookback"": 96, ""rr"": 2.5, ""sl_atr"": 2.25, ""volume_mult"": 1.0, ""volume_window"": 96}",685,0.3284671532846715,2.3668772756902126,-1.166428693906471,-0.005853740389311973,0.9925267759473175,-4.009812166678701,64.04997749699967,0.16571084495730165,meaningful,0.0005,0.0002
66e787c92aeb6a,breakout_volume,long,"{""atr_window"": 14, ""lookback"": 96, ""rr"": 2.5, ""sl_atr"": 2.25, ""volume_mult"": 1.0, ""volume_window"": 20}",684,0.32748538011695905,2.3665942313436,-1.1666909112440231,-0.009591683262111853,0.9877753260580001,-6.560711351284508,63.0475949570824,0.1660429233942996,meaningful,0.0005,0.0002
4d24ad2ab11b6b,breakout_volume,long,"{""atr_window"": 14, ""lookback"": 96, ""rr"": 2.5, ""sl_atr"": 2.25, ""volume_mult"": 1.25, ""volume_window"": 20}",672,0.3273809523809524,2.3658517913701798,-1.168020245230352,-0.011097852295654307,0.9858739932912435,-7.457756742679694,63.444628075975544,0.16709533081898956,meaningful,0.0005,0.0002
c1c8ac87773e09,rolling_range_breakout,long,"{""atr_window"": 14, ""breakout_atr_buffer"": 0.1, ""lookback"": 48, ""regime_ema"": 200, ""rr"": 2.0, ""sl_atr"": 2.25}",983,0.38250254323499494,1.8669541316133222,-1.1752021031495008,-0.011569606434524746,0.984056970397441,-11.372923125137826,53.787712668225936,0.1783272441317665,meaningful,0.0005,0.0002
c9b45026ca3fae,breakout_volume,long,"{""atr_window"": 14, ""lookback"": 48, ""rr"": 2.5, ""sl_atr"": 2.25, ""volume_mult"": 1.5, ""volume_window"": 96}",893,0.3269876819708847,2.363352267430026,-1.1672790343967288,-0.012806089118551469,0.983698828314257,-11.435837582866462,71.93608581689509,0.17787004423177533,meaningful,0.0005,0.0002
f18f614938c7eb,roc_momentum,long,"{""atr_window"": 14, ""regime_ema"": 0, ""roc_window"": 6, ""rr"": 2.5, ""sl_atr"": 2.25, ""threshold"": 0.01}",991,0.30978809283551967,2.4096687032613215,-1.1011695829231458,-0.01355368599213547,0.9821671496118247,-13.43170281820625,81.32747066541422,0.11328338732175035,meaningful,0.0005,0.0002
681d59018452e4,breakout_volume,long,"{""atr_window"": 14, ""lookback"": 96, ""rr"": 2.5, ""sl_atr"": 1.75, ""volume_mult"": 1.5, ""volume_window"": 20}",749,0.3391188251001335,2.3501781177351737,-1.2325828915915613,-0.017601187494110597,0.9783926029419048,-13.183289433088836,79.56066175346746,0.21466985317144535,meaningful,0.0005,0.0002
43359bcdd049c9,roc_momentum,long,"{""atr_window"": 14, ""regime_ema"": 100, ""roc_window"": 3, ""rr"": 2.5, ""sl_atr"": 1.75, ""threshold"": 0.01}",964,0.31950207468879666,2.389823407095156,-1.149114929991631,-0.0184167890966824,0.976448225093759,-17.753784689201833,56.98932795903942,0.145225945269397,meaningful,0.0005,0.0002
4874b62824347d,breakout_volume,long,"{""atr_window"": 14, ""lookback"": 48, ""rr"": 2.0, ""sl_atr"": 2.25, ""volume_mult"": 1.5, ""volume_window"": 48}",1054,0.38140417457305503,1.865130392757195,-1.180057574955833,-0.018610171710446544,0.974505869863337,-19.61512098281066,74.27415202157329,0.1832646284527788,meaningful,0.0005,0.0002
98d20bf847d5a7,roc_momentum,short,"{""atr_window"": 14, ""regime_ema"": 200, ""roc_window"": 12, ""rr"": 2.0, ""sl_atr"": 2.25, ""threshold"": 0.01}",987,0.3617021276595745,1.8986113596861727,-1.1058183743854435,-0.01910974716805047,0.9729262918847313,-18.86132045486581,59.44148146875607,0.12097786196363783,meaningful,0.0005,0.0002
accf7582b13fa7,roc_momentum,long,"{""atr_window"": 14, ""regime_ema"": 100, ""roc_window"": 3, ""rr"": 2.0, ""sl_atr"": 1.75, ""threshold"": 0.01}",1056,0.3712121212121212,1.89167235770806,-1.147666022673797,-0.01942677541083472,0.9730796294227655,-20.514674833841465,61.12967324221376,0.14445749511443723,meaningful,0.0005,0.0002
0d4dcae7ae9131,breakout_volume,long,"{""atr_window"": 14, ""lookback"": 96, ""rr"": 2.5, ""sl_atr"": 1.75, ""volume_mult"": 1.5, ""volume_window"": 48}",754,0.33819628647214856,2.350282580893358,-1.2305279656818962,-0.019511136269840867,0.9760413758718596,-14.711396747460014,80.52133890916438,0.2140536172722588,meaningful,0.0005,0.0002
15d05504c551f5,breakout_volume,long,"{""atr_window"": 14, ""lookback"": 96, ""rr"": 2.5, ""sl_atr"": 1.75, ""volume_mult"": 1.0, ""volume_window"": 48}",786,0.3371501272264631,2.3523485537892164,-1.2270884990130124,-0.020280841261624858,0.975065830760361,-15.940741231637137,83.72618194571007,0.21105725798643574,meaningful,0.0005,0.0002
549ae701c4363b,rolling_range_breakout,long,"{""atr_window"": 14, ""breakout_atr_buffer"": 0.1, ""lookback"": 48, ""regime_ema"": 200, ""rr"": 2.5, ""sl_atr"": 2.25}",870,0.3252873563218391,2.3555055079701663,-1.1703224448133764,-0.023415191206775817,0.9703466798954482,-20.37121634989496,56.2521282646733,0.17785171442830927,meaningful,0.0005,0.0002
9e95c0593fd9e7,breakout_volume,long,"{""atr_window"": 14, ""lookback"": 96, ""rr"": 2.5, ""sl_atr"": 1.75, ""volume_mult"": 1.5, ""volume_window"": 96}",767,0.3363754889178618,2.351159205305803,-1.2296673610101343,-0.025165074035542585,0.9691618619475291,-19.301611785261162,81.62156043166522,0.21255369978559827,meaningful,0.0005,0.0002
9257c13b1645d1,breakout_volume,long,"{""atr_window"": 14, ""lookback"": 96, ""rr"": 2.5, ""sl_atr"": 1.75, ""volume_mult"": 1.25, ""volume_window"": 48}",780,0.33589743589743587,2.351679629941499,-1.2275290067526217,-0.02528200314510933,0.9689869441977498,-19.71996245318528,83.71851695255728,0.21143175600652733,meaningful,0.0005,0.0002
4a1ed2a7928222,breakout_volume,long,"{""atr_window"": 14, ""lookback"": 48, ""rr"": 2.0, ""sl_atr"": 2.25, ""volume_mult"": 1.25, ""volume_window"": 96}",1057,0.37748344370860926,1.866656020027964,-1.1736663092666535,-0.025994966420340892,0.964421001727302,-27.47667950630032,79.7826899207075,0.178507898217458,meaningful,0.0005,0.0002
8509a34954f001,breakout_volume,long,"{""atr_window"": 14, ""lookback"": 48, ""rr"": 2.5, ""sl_atr"": 2.25, ""volume_mult"": 1.25, ""volume_window"": 48}",970,0.3247422680412371,2.3548305225297397,-1.1714029219295596,-0.026285875532982887,0.966768757594267,-25.4972992669934,83.03842052321326,0.18303418054455445,meaningful,0.0005,0.0002
e31036e6535d62,breakout_volume,long,"{""atr_window"": 14, ""lookback"": 96, ""rr"": 2.5, ""sl_atr"": 1.75, ""volume_mult"": 1.25, ""volume_window"": 96}",781,0.3354673495518566,2.351770423129734,-1.2268804724529192,-0.026359941540428533,0.9676684991965275,-20.587114343074685,82.46937877906245,0.21113890122234555,meaningful,0.0005,0.0002
ec67dfd8c3a8a5,rolling_range_breakout,long,"{""atr_window"": 14, ""breakout_atr_buffer"": 0.1, ""lookback"": 48, ""regime_ema"": 50, ""rr"": 2.0, ""sl_atr"": 2.25}",1074,0.3770949720670391,1.8685254323854128,-1.1751198616761747,-0.027376524530045316,0.9625997667964078,-29.402387345268668,78.10892461025571,0.18019488992896934,meaningful,0.0005,0.0002
c9c2a5ece20fa5,donchian_breakout,long,"{""atr_window"": 14, ""lookback"": 48, ""regime_ema"": 200, ""rr"": 2.0, ""sl_atr"": 2.25}",1035,0.37777777777777777,1.8628353446946457,-1.1754329554095386,-0.02764270870351349,0.9622047504789809,-28.61020350813646,71.95248690608598,0.17945935259383605,meaningful,0.0005,0.0002
7b356dfe4f19b3,rolling_range_breakout,long,"{""atr_window"": 14, ""breakout_atr_buffer"": 0.0, ""lookback"": 48, ""regime_ema"": 200, ""rr"": 2.0, ""sl_atr"": 2.25}",1035,0.37777777777777777,1.8628353446946457,-1.1754329554095386,-0.02764270870351349,0.9622047504789809,-28.61020350813646,71.95248690608598,0.17945935259383605,meaningful,0.0005,0.0002
064bc3b1534583,roc_momentum,long,"{""atr_window"": 14, ""regime_ema"": 200, ""roc_window"": 3, ""rr"": 1.5, ""sl_atr"": 2.25, ""threshold"": 0.01}",915,0.42950819672131146,1.4157837534886502,-1.114766480168711,-0.02787441259784443,0.9561699048166495,-25.505087527027655,64.19508553349874,0.11373001428663904,meaningful,0.0005,0.0002
469471df9c0bd3,donchian_breakout,long,"{""atr_window"": 14, ""lookback"": 48, ""regime_ema"": 200, ""rr"": 2.5, ""sl_atr"": 2.25}",913,0.32420591456736036,2.3534426130656714,-1.1714631279030583,-0.028667838388552292,0.9637880478853955,-26.173736448748244,63.672615882581944,0.1786637445069934,meaningful,0.0005,0.0002
f469c7c6dd3106,rolling_range_breakout,long,"{""atr_window"": 14, ""breakout_atr_buffer"": 0.0, ""lookback"": 48, ""regime_ema"": 200, ""rr"": 2.5, ""sl_atr"": 2.25}",913,0.32420591456736036,2.3534426130656714,-1.1714631279030583,-0.028667838388552292,0.9637880478853955,-26.173736448748244,63.672615882581944,0.1786637445069934,meaningful,0.0005,0.0002
e983cc5f90fdea,rolling_range_breakout,long,"{""atr_window"": 14, ""breakout_atr_buffer"": 0.1, ""lookback"": 48, ""regime_ema"": 100, ""rr"": 2.0, ""sl_atr"": 2.25}",1060,0.37641509433962267,1.8694001074036777,-1.1754071672877398,-0.02929574973880059,0.9600312387709559,-31.053494723128626,73.9803918787269,0.17999234317792984,meaningful,0.0005,0.0002
34e6a69d59d157,rolling_range_breakout,long,"{""atr_window"": 14, ""breakout_atr_buffer"": 0.1, ""lookback"": 96, ""regime_ema"": 50, ""rr"": 2.5, ""sl_atr"": 2.25}",672,0.32142857142857145,2.364272863917284,-1.1631814030509364,-0.02935681723972272,0.9628065941184999,-19.72778118509367,63.56130089813769,0.1653688449666372,meaningful,0.0005,0.0002
c8e2d5280356e2,rolling_range_breakout,long,"{""atr_window"": 14, ""breakout_atr_buffer"": 0.1, ""lookback"": 96, ""regime_ema"": 100, ""rr"": 2.5, ""sl_atr"": 2.25}",672,0.32142857142857145,2.364272863917284,-1.1631814030509364,-0.02935681723972272,0.9628065941184999,-19.72778118509367,63.56130089813769,0.1653688449666372,meaningful,0.0005,0.0002
f40df0e2a813f6,bollinger_reentry,short,"{""atr_window"": 14, ""regime_ema"": 100, ""rr"": 1.5, ""sl_atr"": 2.25, ""std_mult"": 2.5, ""window"": 20}",159,0.4528301886792453,1.3390200051305647,-1.1659898750598956,-0.031645778369875976,0.9503980357871294,-5.03167876081028,19.807897632541483,0.18387571708591252,exploratory,0.0005,0.0002
5e8b10f5a90c4a,bollinger_reentry,short,"{""atr_window"": 14, ""regime_ema"": 100, ""rr"": 2.5, ""sl_atr"": 1.75, ""std_mult"": 2.5, ""window"": 20}",160,0.3375,2.307844955229215,-1.2238551732575422,-0.03190637989326177,0.9606484701162786,-5.1050207829218825,34.33858344330579,0.2374156461842744,exploratory,0.0005,0.0002
38af9bb8fd5fb2,bollinger_reentry,long,"{""atr_window"": 14, ""regime_ema"": 200, ""rr"": 1.5, ""sl_atr"": 1.75, ""std_mult"": 2.5, ""window"": 20}",409,0.4669926650366748,1.2981717134545032,-1.1990389587927104,-0.032859891801957836,0.9485838387162137,-13.439695747000755,40.185179384898326,0.2290754721704505,meaningful,0.0005,0.0002
e04c2295f5bc4b,roc_momentum,long,"{""atr_window"": 14, ""regime_ema"": 100, ""roc_window"": 6, ""rr"": 2.5, ""sl_atr"": 2.25, ""threshold"": 0.01}",924,0.30627705627705626,2.4035582858771987,-1.10927433911021,-0.033374303535062204,0.9566302232454167,-30.83785646639748,76.44179841396223,0.1216467620352988,meaningful,0.0005,0.0002
1376462f9de05c,rolling_range_breakout,long,"{""atr_window"": 14, ""breakout_atr_buffer"": 0.25, ""lookback"": 96, ""regime_ema"": 200, ""rr"": 2.5, ""sl_atr"": 1.75}",685,0.33284671532846716,2.3520299119891943,-1.2238106362787602,-0.03360385524942658,0.9588424747464734,-23.018640845857206,49.58959617187022,0.2074448852822125,meaningful,0.0005,0.0002
a0d8c73730a155,rolling_range_breakout,long,"{""atr_window"": 14, ""breakout_atr_buffer"": 0.1, ""lookback"": 96, ""regime_ema"": 200, ""rr"": 2.5, ""sl_atr"": 2.25}",659,0.3201820940819423,2.3644220605432684,-1.1630373607599043,-0.03360801645797791,0.9574933757637557,-22.14768284580744,58.76617056988698,0.16495367832263627,meaningful,0.0005,0.0002
40f67b5f511c82,donchian_breakout,long,"{""atr_window"": 14, ""lookback"": 96, ""regime_ema"": 50, ""rr"": 2.5, ""sl_atr"": 1.75}",798,0.3333333333333333,2.350628012293205,-1.2262733259369265,-0.03397287986021602,0.9584437509057054,-27.110358128452383,88.97528479827113,0.2117955667244486,meaningful,0.0005,0.0002
1780008fa0447a,donchian_breakout,long,"{""atr_window"": 14, ""lookback"": 96, ""regime_ema"": 100, ""rr"": 2.5, ""sl_atr"": 1.75}",798,0.3333333333333333,2.350628012293205,-1.2262733259369265,-0.03397287986021602,0.9584437509057054,-27.110358128452383,88.97528479827113,0.2117955667244486,meaningful,0.0005,0.0002
d7249b75fcef5b,rolling_range_breakout,long,"{""atr_window"": 14, ""breakout_atr_buffer"": 0.0, ""lookback"": 96, ""regime_ema"": 50, ""rr"": 2.5, ""sl_atr"": 1.75}",798,0.3333333333333333,2.350628012293205,-1.2262733259369265,-0.03397287986021602,0.9584437509057054,-27.110358128452383,88.97528479827113,0.2117955667244486,meaningful,0.0005,0.0002
e313ed88aedd70,rolling_range_breakout,long,"{""atr_window"": 14, ""breakout_atr_buffer"": 0.0, ""lookback"": 96, ""regime_ema"": 100, ""rr"": 2.5, ""sl_atr"": 1.75}",798,0.3333333333333333,2.350628012293205,-1.2262733259369265,-0.03397287986021602,0.9584437509057054,-27.110358128452383,88.97528479827113,0.2117955667244486,meaningful,0.0005,0.0002
bf89f11bf533a3,donchian_breakout,long,"{""atr_window"": 14, ""lookback"": 96, ""regime_ema"": 200, ""rr"": 2.5, ""sl_atr"": 1.75}",784,0.33290816326530615,2.3512790135627566,-1.225902650600332,-0.035029673117467325,0.9571654237967057,-27.463263724094382,82.01523445015023,0.2108729168474868,meaningful,0.0005,0.0002
767efd84e62fca,rolling_range_breakout,long,"{""atr_window"": 14, ""breakout_atr_buffer"": 0.0, ""lookback"": 96, ""regime_ema"": 200, ""rr"": 2.5, ""sl_atr"": 1.75}",784,0.33290816326530615,2.3512790135627566,-1.225902650600332,-0.035029673117467325,0.9571654237967057,-27.463263724094382,82.01523445015023,0.2108729168474868,meaningful,0.0005,0.0002
a85ae4d86676c5,rolling_range_breakout,long,"{""atr_window"": 14, ""breakout_atr_buffer"": 0.1, ""lookback"": 48, ""regime_ema"": 50, ""rr"": 2.5, ""sl_atr"": 2.25}",962,0.3212058212058212,2.3576846895087713,-1.1674815245098413,-0.03517761584897718,0.9556107020718971,-33.84086644671605,80.17783661547934,0.18026713820659893,meaningful,0.0005,0.0002
08e2c573d29fea,roc_momentum,long,"{""atr_window"": 14, ""regime_ema"": 100, ""roc_window"": 3, ""rr"": 1.5, ""sl_atr"": 2.25, ""threshold"": 0.01}",1005,0.42587064676616915,1.4158717144033017,-1.1118377130765078,-0.035360464358738165,0.9446054795351022,-35.53726668053186,65.69734229265657,0.11229211148499307,meaningful,0.0005,0.0002
5ddb654c94ff4d,bollinger_reentry,short,"{""atr_window"": 14, ""regime_ema"": 100, ""rr"": 1.5, ""sl_atr"": 1.25, ""std_mult"": 2.5, ""window"": 20}",170,0.5117647058823529,1.1870695610905977,-1.3178579968099653,-0.035924481884383054,0.9441667734470228,-6.107161920345119,33.15376563393193,0.34841970426834146,exploratory,0.0005,0.0002
32243782bec49e,roc_momentum,long,"{""atr_window"": 14, ""regime_ema"": 100, ""roc_window"": 3, ""rr"": 2.0, ""sl_atr"": 2.25, ""threshold"": 0.005}",1414,0.3620933521923621,1.8918464236626389,-1.1304612166517787,-0.036103711813743354,0.9499344422811795,-51.0506485046331,100.40252030799294,0.14258670645026833,meaningful,0.0005,0.0002
eec06d8a9498ae,roc_momentum,long,"{""atr_window"": 14, ""regime_ema"": 100, ""roc_window"": 12, ""rr"": 2.0, ""sl_atr"": 2.25, ""threshold"": 0.01}",1132,0.35954063604240283,1.8943276987457236,-1.12015136925768,-0.03632364781122672,0.949368457044974,-41.118369322308645,98.75740737276537,0.13084819222236083,meaningful,0.0005,0.0002
37496ad3f29237,roc_momentum,short,"{""atr_window"": 14, ""regime_ema"": 200, ""roc_window"": 12, ""rr"": 2.5, ""sl_atr"": 2.25, ""threshold"": 0.01}",860,0.3058139534883721,2.394858740530036,-1.10772750873924,-0.03658776041619384,0.9524197186461697,-31.465473957926704,70.97444131713425,0.1225301249052816,meaningful,0.0005,0.0002
55bed2c9b14a1b,roc_momentum,long,"{""atr_window"": 14, ""regime_ema"": 100, ""roc_window"": 12, ""rr"": 2.5, ""sl_atr"": 2.25, ""threshold"": 0.01}",1011,0.3086053412462908,2.3895311520911084,-1.119683502583692,-0.03672111657129078,0.9525654725188487,-37.125048853574974,108.55580270781373,0.1305576490032818,meaningful,0.0005,0.0002
080adea2395c40,roc_momentum,long,"{""atr_window"": 14, ""regime_ema"": 0, ""roc_window"": 6, ""rr"": 2.0, ""sl_atr"": 2.25, ""threshold"": 0.01}",1185,0.35358649789029534,1.9117206849282873,-1.1049208193615332,-0.03827711446918313,0.9464082899824476,-45.35838064598201,100.41231081015455,0.113491047639151,meaningful,0.0005,0.0002
48c202999569fb,roc_momentum,long,"{""atr_window"": 14, ""regime_ema"": 200, ""roc_window"": 3, ""rr"": 2.5, ""sl_atr"": 1.75, ""threshold"": 0.01}",891,0.31425364758698093,2.3898187926072745,-1.1520467752811283,-0.039002601309464174,0.9506303606374311,-34.751317766732576,67.41448419870362,0.14661433727256287,meaningful,0.0005,0.0002
2e0078268f1c11,roc_momentum,long,"{""atr_window"": 14, ""regime_ema"": 200, ""roc_window"": 6, ""rr"": 2.5, ""sl_atr"": 2.25, ""threshold"": 0.01}",837,0.3058542413381123,2.401180014645205,-1.1142344473826296,-0.039030024110077916,0.9495371744370948,-32.668130180135215,74.05670580114592,0.12197916660635214,meaningful,0.0005,0.0002
760e7603844551,roc_momentum,long,"{""atr_window"": 14, ""regime_ema"": 200, ""roc_window"": 3, ""rr"": 2.0, ""sl_atr"": 1.75, ""threshold"": 0.01}",981,0.36493374108053006,1.891647099003323,-1.1497971178826447,-0.03987150152670552,0.9453962667777397,-39.11394299769812,70.8021322762474,0.14548380703892427,meaningful,0.0005,0.0002
8a3c90a648fa80,bollinger_reentry,short,"{""atr_window"": 14, ""regime_ema"": 200, ""rr"": 2.5, ""sl_atr"": 1.75, ""std_mult"": 2.5, ""window"": 60}",102,0.3431372549019608,2.260873483493679,-1.2424677650385594,-0.04034086603239923,0.9505705866229567,-4.1147683353047215,17.99748316832473,0.28167276631134863,exploratory,0.0005,0.0002
e433b82e4805fe,roc_momentum,both,"{""atr_window"": 14, ""regime_ema"": 200, ""roc_window"": 12, ""rr"": 2.0, ""sl_atr"": 2.25, ""threshold"": 0.01}",1869,0.3563402889245586,1.897257210622394,-1.1152904899853229,-0.0417983719517545,0.9417742567039319,-78.12115717782916,103.52880898518423,0.1265225189356161,meaningful,0.0005,0.0002
3a83b4acc62038,bollinger_reentry,long,"{""atr_window"": 14, ""regime_ema"": 200, ""rr"": 2.0, ""sl_atr"": 1.75, ""std_mult"": 2.5, ""window"": 20}",396,0.38636363636363635,1.8019598083589352,-1.203791273038852,-0.04247835522607084,0.942495025637137,-16.821428669524053,46.009031816263004,0.23025613052253763,meaningful,0.0005,0.0002
7c318dfdac64f2,roc_momentum,long,"{""atr_window"": 14, ""regime_ema"": 0, ""roc_window"": 6, ""rr"": 1.5, ""sl_atr"": 2.25, ""threshold"": 0.01}",1501,0.42105263157894735,1.4172145704329102,-1.1042504870947423,-0.042580989188362166,0.9333946580192519,-63.91406477173161,118.71711879604831,0.11071755191978395,meaningful,0.0005,0.0002
d89653d2b0263f,donchian_breakout,long,"{""atr_window"": 14, ""lookback"": 96, ""regime_ema"": 50, ""rr"": 2.0, ""sl_atr"": 2.25}",755,0.3695364238410596,1.8803635029318553,-1.1700271296631801,-0.042796683975743384,0.9419831444583113,-32.311496401686256,77.23602408722837,0.165607924951141,meaningful,0.0005,0.0002
05ea2a8aa0473a,donchian_breakout,long,"{""atr_window"": 14, ""lookback"": 96, ""regime_ema"": 100, ""rr"": 2.0, ""sl_atr"": 2.25}",755,0.3695364238410596,1.8803635029318553,-1.1700271296631801,-0.042796683975743384,0.9419831444583113,-32.311496401686256,77.23602408722837,0.165607924951141,meaningful,0.0005,0.0002
36ecc5156da1ed,roc_momentum,long,"{""atr_window"": 14, ""regime_ema"": 200, ""roc_window"": 3, ""rr"": 2.0, ""sl_atr"": 2.25, ""threshold"": 0.01}",816,0.3541666666666667,1.913045392516284,-1.1155140447089127,-0.042899244024988833,0.9404537878974054,-35.00578312439089,58.36377745642548,0.11472446120471297,meaningful,0.0005,0.0002
7d7a7346637206,roc_momentum,short,"{""atr_window"": 14, ""regime_ema"": 200, ""roc_window"": 6, ""rr"": 2.0, ""sl_atr"": 2.25, ""threshold"": 0.01}",968,0.3512396694214876,1.9093265204817211,-1.100858461891651,-0.0435620837853015,0.9390051911629194,-42.16809710417185,74.02603041164917,0.11278367017827554,meaningful,0.0005,0.0002
601d792cfd0d66,roc_momentum,both,"{""atr_window"": 14, ""regime_ema"": 200, ""roc_window"": 3, ""rr"": 2.0, ""sl_atr"": 2.25, ""threshold"": 0.01}",1545,0.35145631067961164,1.9145244442120897,-1.1049858899272116,-0.04375992783165144,0.9389366499296139,-67.60908849990147,102.17419961234384,0.10930556685838393,meaningful,0.0005,0.0002
fd11e641e01ce2,bollinger_reentry,short,"{""atr_window"": 14, ""regime_ema"": 200, ""rr"": 2.0, ""sl_atr"": 2.25, ""std_mult"": 2.0, ""window"": 60}",202,0.37623762376237624,1.8329490258793957,-1.1770707601128745,-0.04458806835340675,0.9392708907475199,-9.006789807388163,42.0074660408485,0.20024059478952835,exploratory,0.0005,0.0002
ba84cd956bcd40,donchian_breakout,long,"{""atr_window"": 14, ""lookback"": 96, ""regime_ema"": 50, ""rr"": 2.0, ""sl_atr"": 1.75}",867,0.3829296424452134,1.8611737342877848,-1.2281942596663953,-0.04518367835983496,0.9403816660038025,-39.17424913797691,81.58277329028246,0.21129676178155266,meaningful,0.0005,0.0002
bc463382ca75a1,donchian_breakout,long,"{""atr_window"": 14, ""lookback"": 96, ""regime_ema"": 100, ""rr"": 2.0, ""sl_atr"": 1.75}",867,0.3829296424452134,1.8611737342877848,-1.2281942596663953,-0.04518367835983496,0.9403816660038025,-39.17424913797691,81.58277329028246,0.21129676178155266,meaningful,0.0005,0.0002
7fe6f9dd360360,donchian_breakout,long,"{""atr_window"": 14, ""lookback"": 96, ""regime_ema"": 200, ""rr"": 2.0, ""sl_atr"": 1.75}",852,0.3826291079812207,1.8616535908133867,-1.2270520710801887,-0.045223378853304325,0.9403028132642997,-38.53031878301528,73.38502717483998,0.21002933596430365,meaningful,0.0005,0.0002
5916b17b7de195,donchian_breakout,long,"{""atr_window"": 14, ""lookback"": 96, ""regime_ema"": 200, ""rr"": 2.0, ""sl_atr"": 2.25}",741,0.3684210526315789,1.880856217886165,-1.169495158785592,-0.04568149369599736,0.9381536288184076,-33.849986828734046,74.11387794853886,0.16486525445782582,meaningful,0.0005,0.0002
40f797f276c825,donchian_breakout,long,"{""atr_window"": 14, ""lookback"": 48, ""regime_ema"": 50, ""rr"": 2.0, ""sl_atr"": 2.25}",1141,0.37072743207712533,1.864046582164923,-1.175077268868241,-0.04839068781037221,0.9345579990140935,-55.21377479163469,98.03278889576846,0.18146777731275368,meaningful,0.0005,0.0002
a19f7423dbc9b4,momentum_volume,both,"{""atr_window"": 14, ""roc_window"": 3, ""rr"": 2.0, ""sl_atr"": 2.25, ""threshold"": 0.005, ""volume_mult"": 1.0, ""volume_window"": 48}",2410,0.35726141078838175,1.8927920249599182,-1.1280802565318429,-0.04883916343457876,0.9326412773636635,-117.70238387733481,195.41680905917264,0.13876190124263169,meaningful,0.0005,0.0002
ffe6055127fc2f,donchian_breakout,long,"{""atr_window"": 14, ""lookback"": 48, ""regime_ema"": 100, ""rr"": 2.0, ""sl_atr"": 2.25}",1126,0.3703374777975133,1.8648190575389392,-1.17545262022906,-0.049526075265245044,0.93308539167209,-55.76636074866592,95.00309973734609,0.1813512737422306,meaningful,0.0005,0.0002
d446535543aca9,donchian_breakout,long,"{""atr_window"": 14, ""lookback"": 48, ""regime_ema"": 200, ""rr"": 2.5, ""sl_atr"": 1.75}",1107,0.3324299909665763,2.3236533648902844,-1.232108584873689,-0.05006667203435542,0.9391300530282733,-55.42380594203145,94.70208414518545,0.23091237373125598,meaningful,0.0005,0.0002
12c488933dea00,momentum_volume,both,"{""atr_window"": 14, ""roc_window"": 6, ""rr"": 2.0, ""sl_atr"": 2.25, ""threshold"": 0.005, ""volume_mult"": 1.0, ""volume_window"": 96}",2342,0.3590947907771136,1.884918916751453,-1.1349744034105436,-0.050546443437768596,0.9305118524218556,-118.37977053125405,165.56322051844674,0.1467258675423823,meaningful,0.0005,0.0002
774e9729e69d99,momentum_volume,both,"{""atr_window"": 14, ""roc_window"": 3, ""rr"": 2.0, ""sl_atr"": 2.25, ""threshold"": 0.005, ""volume_mult"": 1.0, ""volume_window"": 96}",2360,0.35550847457627116,1.8951903675768869,-1.1270035701922436,-0.05258801350228565,0.9275990503205117,-124.10771186539414,199.71653945509325,0.13707917961923777,meaningful,0.0005,0.0002
7ff5fc8aad644e,momentum_volume,long,"{""atr_window"": 14, ""roc_window"": 3, ""rr"": 2.0, ""sl_atr"": 2.25, ""threshold"": 0.005, ""volume_mult"": 1.0, ""volume_window"": 96}",1632,0.3541666666666667,1.8919020446215098,-1.1193523538954684,-0.05286642108737192,0.926870494371639,-86.27799921459098,152.9787628912298,0.1304639364942294,meaningful,0.0005,0.0002
c8abb2a72e5cde,ema_cross,long,"{""atr_window"": 14, ""fast_ema"": 34, ""rr"": 2.0, ""sl_atr"": 2.25, ""slow_ema"": 55}",769,0.37581274382314694,1.8124568481345171,-1.1769767336825674,-0.05350949682283072,0.9271636638332813,-41.14880305675682,69.81528777596672,0.21040031094269496,meaningful,0.0005,0.0002
5e047d05ee3f21,momentum_volume,long,"{""atr_window"": 14, ""roc_window"": 3, ""rr"": 2.5, ""sl_atr"": 2.25, ""threshold"": 0.005, ""volume_mult"": 1.0, ""volume_window"": 48}",1425,0.3031578947368421,2.3954471899493943,-1.1205315068313328,-0.05463480717570193,0.9300301475534146,-77.85460022537525,131.97307980501702,0.13425722793986603,meaningful,0.0005,0.0002
249457e5b3c292,momentum_volume,long,"{""atr_window"": 14, ""roc_window"": 3, ""rr"": 2.0, ""sl_atr"": 2.25, ""threshold"": 0.005, ""volume_mult"": 1.0, ""volume_window"": 48}",1652,0.35411622276029053,1.894381603271627,-1.124750823325996,-0.05562705240613555,0.9234270547623864,-91.89589057493593,163.7879124331023,0.1348632440155475,meaningful,0.0005,0.0002
7d99fd4fdb3bfc,momentum_volume,long,"{""atr_window"": 14, ""roc_window"": 3, ""rr"": 2.5, ""sl_atr"": 2.25, ""threshold"": 0.005, ""volume_mult"": 1.0, ""volume_window"": 96}",1390,0.302158273381295,2.3906680568596346,-1.1158265006631543,-0.05631015954116039,0.9276842071259126,-78.27112176221294,143.12262601835468,0.1290393211698809,meaningful,0.0005,0.0002
2efd5849af7dc1,donchian_breakout,long,"{""atr_window"": 14, ""lookback"": 48, ""regime_ema"": 50, ""rr"": 2.5, ""sl_atr"": 2.25}",1017,0.31563421828908556,2.3557250113937998,-1.1688674468574114,-0.05638546150968389,0.9295122595425889,-57.34401435534851,96.91201541685689,0.1813041789890962,meaningful,0.0005,0.0002
8c6305d7ca2267,donchian_breakout,long,"{""atr_window"": 14, ""lookback"": 96, ""regime_ema"": 200, ""rr"": 1.5, ""sl_atr"": 2.25}",821,0.4348355663824604,1.392969750545926,-1.1721856207115806,-0.056764831991812106,0.9143143404842824,-46.60392706527774,79.13906742297839,0.1638876301919022,meaningful,0.0005,0.0002
9be4148d42e9ff,donchian_breakout,long,"{""atr_window"": 14, ""lookback"": 96, ""regime_ema"": 50, ""rr"": 1.5, ""sl_atr"": 2.25}",837,0.4348864994026284,1.392533424529241,-1.1730858754860414,-0.05733267930257332,0.9135158045710522,-47.987452576253865,85.43197674776522,0.16477302871316923,meaningful,0.0005,0.0002
3cf0e28103004c,momentum_volume,short,"{""atr_window"": 14, ""roc_window"": 3, ""rr"": 2.0, ""sl_atr"": 2.25, ""threshold"": 0.005, ""volume_mult"": 1.5, ""volume_window"": 96}",1397,0.3528990694345025,1.8882896717557829,-1.1217670015532384,-0.059520802597370415,0.9180037305463331,-83.15056122852647,120.34922146600638,0.13572646327844104,meaningful,0.0005,0.0002
a789cb7e093ce5,bollinger_fade,short,"{""atr_window"": 14, ""regime_ema"": 200, ""rr"": 1.5, ""sl_atr"": 2.25, ""std_mult"": 2.5, ""window"": 60}",225,0.4577777777777778,1.310775259531679,-1.216645894284311,-0.05964865498187985,0.9095811148895167,-13.420947370922967,46.0131306353303,0.23758255340548975,exploratory,0.0005,0.0002
c7246fab5ec757,momentum_volume,short,"{""atr_window"": 14, ""roc_window"": 3, ""rr"": 2.5, ""sl_atr"": 2.25, ""threshold"": 0.005, ""volume_mult"": 1.5, ""volume_window"": 96}",1221,0.3022113022113022,2.3859510944514652,-1.1209087588150382,-0.06109607588683178,0.9218877543653351,-74.5983086578216,125.50621498620174,0.13455318101273198,meaningful,0.0005,0.0002
4d336d02bf46e5,momentum_volume,both,"{""atr_window"": 14, ""roc_window"": 6, ""rr"": 2.5, ""sl_atr"": 2.25, ""threshold"": 0.005, ""volume_mult"": 1.0, ""volume_window"": 96}",1944,0.3045267489711934,2.3820207403197897,-1.1314449329304939,-0.06150065383369947,0.9218433600815654,-119.55727105271177,162.04467698216092,0.1436296708166264,meaningful,0.0005,0.0002
e2947e40f3bd9c,bollinger_reentry,short,"{""atr_window"": 14, ""regime_ema"": 200, ""rr"": 2.0, ""sl_atr"": 1.75, ""std_mult"": 2.5, ""window"": 20}",313,0.38977635782747605,1.7759010931716548,-1.2371994482306883,-0.06276409343488687,0.9168652657388926,-19.645161245119592,40.304063215648256,0.26382046475863224,meaningful,0.0005,0.0002
df4fd882a5e4a9,bollinger_reentry,short,"{""atr_window"": 14, ""regime_ema"": 100, ""rr"": 1.5, ""sl_atr"": 2.25, ""std_mult"": 1.5, ""window"": 60}",185,0.44324324324324327,1.348290964047248,-1.1864810763091382,-0.06296049625928046,0.9046892624390654,-11.647691807966886,25.807234516439095,0.20244557120838136,exploratory,0.0005,0.0002
2e7b4fa72d9af8,ema_cross,long,"{""atr_window"": 14, ""fast_ema"": 34, ""rr"": 2.5, ""sl_atr"": 1.75, ""slow_ema"": 55}",804,0.3358208955223881,2.2575601416722866,-1.2367994245211809,-0.06332046572486703,0.9229168209083537,-50.90965444279309,92.15685236164586,0.27646608128336353,meaningful,0.0005,0.0002
c52414743c5ec8,momentum_volume,short,"{""atr_window"": 14, ""roc_window"": 3, ""rr"": 2.0, ""sl_atr"": 2.25, ""threshold"": 0.005, ""volume_mult"": 1.5, ""volume_window"": 48}",1440,0.35208333333333336,1.8862773856694737,-1.1234549175476578,-0.06377833578995952,0.9123809819906389,-91.84080353754172,134.88615061705346,0.13792437273696,meaningful,0.0005,0.0002
b694d485717963,ema_cross,both,"{""atr_window"": 14, ""fast_ema"": 8, ""rr"": 2.0, ""sl_atr"": 2.25, ""slow_ema"": 144}",1115,0.3668161434977579,1.8481580067828032,-1.1715158458836388,-0.0638507286275178,0.9139228544577129,-71.19356241968235,112.48123502992655,0.1928733284501458,meaningful,0.0005,0.0002
1b202f2afb46c0,momentum_volume,long,"{""atr_window"": 14, ""roc_window"": 6, ""rr"": 2.5, ""sl_atr"": 2.25, ""threshold"": 0.005, ""volume_mult"": 1.5, ""volume_window"": 48}",1154,0.30589254766031193,2.381415029698737,-1.1417839440687312,-0.06406363406880383,0.919164722803571,-73.92943371539963,106.90332524345214,0.15798524530714175,meaningful,0.0005,0.0002
d31ce69f98991a,ema_cross,long,"{""atr_window"": 14, ""fast_ema"": 8, ""rr"": 2.0, ""sl_atr"": 2.25, ""slow_ema"": 144}",788,0.37055837563451777,1.8460727337171212,-1.1896776461212057,-0.0647549165364449,0.9135255143295752,-51.026874230718576,87.21906684606518,0.20798884474596296,meaningful,0.0005,0.0002
9452ec305f0a68,bollinger_reentry,long,"{""atr_window"": 14, ""regime_ema"": 200, ""rr"": 2.0, ""sl_atr"": 1.25, ""std_mult"": 2.5, ""window"": 60}",160,0.4,1.7486070207158624,-1.2764508604384452,-0.0664277079767222,0.913265093033161,-10.628433276275553,31.75141937930475,0.30922097738565,exploratory,0.0005,0.0002
5382e2cbf36a5a,momentum_volume,short,"{""atr_window"": 14, ""roc_window"": 3, ""rr"": 2.0, ""sl_atr"": 2.25, ""threshold"": 0.005, ""volume_mult"": 1.0, ""volume_window"": 96}",1734,0.3477508650519031,1.8916865202818458,-1.1143131440501464,-0.0689741604329657,0.9051001212064966,-119.60119419076253,150.86213684105206,0.12829805267393252,meaningful,0.0005,0.0002
ba45c5970d8b3b,momentum_volume,short,"{""atr_window"": 14, ""roc_window"": 6, ""rr"": 2.5, ""sl_atr"": 2.25, ""threshold"": 0.005, ""volume_mult"": 1.0, ""volume_window"": 96}",1432,0.2995810055865922,2.3836945520441053,-1.118696349536164,-0.06944656128341563,0.9113700284067981,-99.44747575785118,117.34839580956826,0.13543964602415395,meaningful,0.0005,0.0002
ca823b5df23a4d,momentum_volume,short,"{""atr_window"": 14, ""roc_window"": 3, ""rr"": 2.5, ""sl_atr"": 2.25, ""threshold"": 0.0025, ""volume_mult"": 1.5, ""volume_window"": 96}",1287,0.3038073038073038,2.3722006303081296,-1.1358249876530935,-0.07006118297334364,0.9113994159896498,-90.16874248669326,133.62941899776376,0.15072925122626551,meaningful,0.0005,0.0002
582e2859246da2,momentum_volume,short,"{""atr_window"": 14, ""roc_window"": 3, ""rr"": 2.0, ""sl_atr"": 2.25, ""threshold"": 0.005, ""volume_mult"": 1.0, ""volume_window"": 48}",1736,0.347926267281106,1.891020501239777,-1.116743104428656,-0.07026314024447755,0.9035110522816604,-121.97681146441303,159.74185875029943,0.13060279234102465,meaningful,0.0005,0.0002
b3e34905b18436,ema_cross,both,"{""atr_window"": 14, ""fast_ema"": 8, ""rr"": 2.5, ""sl_atr"": 2.25, ""slow_ema"": 144}",1054,0.31214421252371916,2.3523874190362024,-1.1714574338165515,-0.0715096571670676,0.9112556347175705,-75.37117865408925,131.8537681586206,0.19151640195543954,meaningful,0.0005,0.0002
f3b959fbe94842,bollinger_fade,short,"{""atr_window"": 14, ""regime_ema"": 200, ""rr"": 2.5, ""sl_atr"": 1.75, ""std_mult"": 2.5, ""window"": 60}",238,0.33613445378151263,2.2706606262323787,-1.2588894732170932,-0.07248607844416162,0.9132664998495912,-17.251686669710466,54.79278174570381,0.28643297916613714,exploratory,0.0005,0.0002
250ae39bdc95d6,ema_cross,long,"{""atr_window"": 14, ""fast_ema"": 21, ""rr"": 2.0, ""sl_atr"": 2.25, ""slow_ema"": 89}",758,0.370712401055409,1.805579896160286,-1.1808751043885997,-0.07375920049118936,0.9007425621702627,-55.909473972321535,81.57862009401549,0.21519892756151188,meaningful,0.0005,0.0002
85298133f22b01,rsi_momentum,short,"{""atr_window"": 14, ""regime_ema"": 200, ""rr"": 2.5, ""rsi_window"": 21, ""sl_atr"": 2.25, ""threshold"": 60.0}",999,0.30930930930930933,2.342303863363054,-1.1561791577750664,-0.07406579087648844,0.9072510661856189,-73.99172508561196,101.0819077308129,0.1805144717126895,meaningful,0.0005,0.0002
07aac86692e2d6,momentum_volume,long,"{""atr_window"": 14, ""roc_window"": 3, ""rr"": 2.0, ""sl_atr"": 2.25, ""threshold"": 0.005, ""volume_mult"": 1.5, ""volume_window"": 20}",1339,0.3525018670649739,1.8860314313728976,-1.1419541943502787,-0.07458360783695571,0.8991313558434555,-99.8674508936837,144.998888259302,0.15052321186683582,meaningful,0.0005,0.0002
b51cc7acef95b8,ema_cross,long,"{""atr_window"": 14, ""fast_ema"": 8, ""rr"": 2.5, ""sl_atr"": 2.25, ""slow_ema"": 144}",763,0.3145478374836173,2.3515136591481296,-1.1882452475690581,-0.07482173824779338,0.9081361682204786,-57.08898628306635,100.55370877127629,0.20650020687158713,meaningful,0.0005,0.0002
b6eee1a15f8de0,momentum_volume,short,"{""atr_window"": 14, ""roc_window"": 3, ""rr"": 2.5, ""sl_atr"": 2.25, ""threshold"": 0.005, ""volume_mult"": 1.0, ""volume_window"": 96}",1465,0.2962457337883959,2.392202015949709,-1.1133534722942982,-0.07484761434351395,0.9044735026418367,-109.65175501324794,139.93491752360873,0.12680765327966567,meaningful,0.0005,0.0002
383020aa7771a9,bollinger_fade,short,"{""atr_window"": 14, ""regime_ema"": 100, ""rr"": 2.0, ""sl_atr"": 2.25, ""std_mult"": 2.0, ""window"": 20}",749,0.3604806408544726,1.848665815279341,-1.1599744843222244,-0.07541790102125967,0.8983348023577306,-56.48800786492349,69.06026161752293,0.1797459557845145,meaningful,0.0005,0.0002
21c5357a78c0cb,momentum_volume,long,"{""atr_window"": 14, ""roc_window"": 6, ""rr"": 2.5, ""sl_atr"": 2.25, ""threshold"": 0.005, ""volume_mult"": 1.5, ""volume_window"": 96}",1078,0.3014842300556586,2.38803030692182,-1.1400672681975241,-0.0764014872014326,0.9040610148758589,-82.36080320314434,111.59097075425683,0.15116794110068657,meaningful,0.0005,0.0002
c49852b9b5ed00,momentum_volume,short,"{""atr_window"": 14, ""roc_window"": 3, ""rr"": 2.5, ""sl_atr"": 2.25, ""threshold"": 0.005, ""volume_mult"": 1.5, ""volume_window"": 48}",1280,0.29765625,2.384592767095286,-1.1218635044659433,-0.07814487988404607,0.9008230414412735,-100.02544625157897,130.51774295735325,0.13603880628781786,meaningful,0.0005,0.0002
bddb1abd321f09,bollinger_fade,short,"{""atr_window"": 14, ""regime_ema"": 100, ""rr"": 2.0, ""sl_atr"": 2.25, ""std_mult"": 1.5, ""window"": 20}",947,0.35691657866948256,1.8558861203136567,-1.1530304669722324,-0.07909825313629734,0.8933259470923852,-74.90604572007358,84.95564867838566,0.1734738330341881,meaningful,0.0005,0.0002
d7348958a151af,bollinger_fade,short,"{""atr_window"": 14, ""regime_ema"": 200, ""rr"": 2.0, ""sl_atr"": 2.25, ""std_mult"": 2.5, ""window"": 60}",214,0.3691588785046729,1.822306407074352,-1.1922586647204736,-0.07940520363733683,0.8944256341705595,-16.99271357839008,47.002195718221614,0.21744322310327424,exploratory,0.0005,0.0002
b84df0f74b0e77,ema_cross,both,"{""atr_window"": 14, ""fast_ema"": 8, ""rr"": 1.5, ""sl_atr"": 2.25, ""slow_ema"": 144}",1191,0.4332493702770781,1.349055666308813,-1.1727123305610268,-0.08015793393228013,0.8793956390504616,-95.46809931334563,131.6358764347048,0.19367283194094992,meaningful,0.0005,0.0002
059ccb9c932963,ema_cross,short,"{""atr_window"": 14, ""fast_ema"": 34, ""rr"": 2.5, ""sl_atr"": 2.25, ""slow_ema"": 144}",477,0.31236897274633124,2.3238845496218596,-1.1722995971023824,-0.08020014665812235,0.9005096217368725,-38.25546995592436,84.02293226924823,0.20172046975521427,meaningful,0.0005,0.0002
5eae760bf50f0d,bollinger_fade,short,"{""atr_window"": 14, ""regime_ema"": 200, ""rr"": 2.0, ""sl_atr"": 2.25, ""std_mult"": 2.0, ""window"": 20}",826,0.3559322033898305,1.8592510364841799,-1.154205012271316,-0.08161896101935993,0.8902065274607006,-67.4172618019913,92.95817117046039,0.170150437725656,meaningful,0.0005,0.0002
19189ff6d3e945,bollinger_fade,short,"{""atr_window"": 14, ""regime_ema"": 200, ""rr"": 2.5, ""sl_atr"": 2.25, ""std_mult"": 1.5, ""window"": 20}",832,0.30408653846153844,2.3633504249954496,-1.1518682078151476,-0.08293754182827132,0.8965350790864821,-69.00403480112173,99.54408005220617,0.16779957789893482,meaningful,0.0005,0.0002
f0a44260a045ee,ema_cross,long,"{""atr_window"": 14, ""fast_ema"": 21, ""rr"": 2.5, ""sl_atr"": 2.25, ""slow_ema"": 89}",734,0.31471389645776565,2.308034339648285,-1.1845811795166508,-0.08540654065139154,0.8947906402142666,-62.688400838121396,96.65782072929747,0.21584799415527148,meaningful,0.0005,0.0002
b4c8a8e9fc6972,zscore_reversion,long,"{""atr_window"": 14, ""rr"": 2.5, ""sl_atr"": 2.25, ""window"": 40, ""zscore_threshold"": 2.5}",1035,0.2966183574879227,2.374162249265049,-1.1289240969453334,-0.08984437879404115,0.8868550597268957,-92.98893205183259,104.45955409039037,0.14856521584305019,meaningful,0.0005,0.0002
136655166243ef,bollinger_fade,short,"{""atr_window"": 14, ""regime_ema"": 200, ""rr"": 1.5, ""sl_atr"": 2.25, ""std_mult"": 1.5, ""window"": 20}",1121,0.42283675289919714,1.3626439351644442,-1.1540787956609437,-0.08991592821113654,0.8650097187483782,-100.79575552468407,125.75537294318487,0.16861367805326125,meaningful,0.0005,0.0002
cd9413b3a30193,bollinger_fade,short,"{""atr_window"": 14, ""regime_ema"": 100, ""rr"": 1.5, ""sl_atr"": 2.25, ""std_mult"": 1.5, ""window"": 20}",1057,0.423841059602649,1.357513048818997,-1.1549479862684109,-0.09006383894659571,0.8646539070672106,-95.19747776655167,113.74878958537954,0.17345736103639015,meaningful,0.0005,0.0002
9efc37b12aa6bd,bollinger_fade,short,"{""atr_window"": 14, ""regime_ema"": 200, ""rr"": 1.5, ""sl_atr"": 2.25, ""std_mult"": 2.0, ""window"": 20}",929,0.4241119483315393,1.3576229526499584,-1.1576677432371458,-0.09090290558427268,0.8636498046266322,-84.44879928778931,117.645114470616,0.1726717656119136,meaningful,0.0005,0.0002
f62887e4288b41,ema_cross,long,"{""atr_window"": 14, ""fast_ema"": 34, ""rr"": 1.5, ""sl_atr"": 2.25, ""slow_ema"": 55}",790,0.43544303797468353,1.3132572324658935,-1.176797827488642,-0.09252068745780613,0.8607390909848605,-73.09134309166684,92.06638473028941,0.21179466467089206,meaningful,0.0005,0.0002
93ea5247a3ce78,ema_cross,short,"{""atr_window"": 14, ""fast_ema"": 13, ""rr"": 2.5, ""sl_atr"": 2.25, ""slow_ema"": 144}",675,0.30814814814814817,2.3129277381373514,-1.1655398512358037,-0.09365650517711314,0.8838557502338537,-63.218140994551376,102.57777574863626,0.20124156255401507,meaningful,0.0005,0.0002
b9c6efb42a9a4e,ema_cross,long,"{""atr_window"": 14, ""fast_ema"": 8, ""rr"": 2.5, ""sl_atr"": 2.25, ""slow_ema"": 89}",967,0.30920372285418823,2.3314210233462456,-1.179666713076411,-0.09402531370684085,0.8846186867579514,-90.9224783545151,111.29386462551572,0.20586134191631136,meaningful,0.0005,0.0002
507e4e14d9240f,ema_cross,short,"{""atr_window"": 14, ""fast_ema"": 34, ""rr"": 2.0, ""sl_atr"": 2.25, ""slow_ema"": 144}",486,0.360082304526749,1.8250836947618707,-1.174203146626875,-0.09421302884286169,0.8746155710139148,-45.78753201763078,87.77726135273792,0.20285315739701348,meaningful,0.0005,0.0002
47cd2db5353573,zscore_reversion,short,"{""atr_window"": 14, ""rr"": 2.5, ""sl_atr"": 2.25, ""window"": 80, ""zscore_threshold"": 1.5}",1257,0.29912490055688146,2.3582264711276,-1.1411430507264666,-0.09439449049008691,0.8819771966515184,-118.65387454603925,154.71560976710373,0.16324400758340063,meaningful,0.0005,0.0002
8b2dc809b6164b,squeeze_breakout,long,"{""atr_window"": 14, ""bandwidth_lookback"": 96, ""bb_window"": 40, ""breakout_lookback"": 48, ""quantile"": 0.2, ""rr"": 1.5, ""sl_atr"": 2.0, ""squeeze_memory"": 12, ""std_mult"": 1.5}",710,0.4352112676056338,1.3537473949645267,-1.210357775085573,-0.09443031375390981,0.8618624832992503,-67.04552276527596,73.01901029719684,0.22036714715950023,meaningful,0.0005,0.0002
56293660f1b12a,squeeze_breakout,long,"{""atr_window"": 14, ""bandwidth_lookback"": 96, ""bb_window"": 40, ""breakout_lookback"": 48, ""quantile"": 0.2, ""rr"": 1.5, ""sl_atr"": 2.0, ""squeeze_memory"": 12, ""std_mult"": 2.0}",710,0.4352112676056338,1.3537473949645267,-1.210357775085573,-0.09443031375390981,0.8618624832992503,-67.04552276527596,73.01901029719684,0.22036714715950023,meaningful,0.0005,0.0002
264a9e2e43d274,rsi_momentum,short,"{""atr_window"": 14, ""regime_ema"": 200, ""rr"": 2.5, ""rsi_window"": 14, ""sl_atr"": 2.25, ""threshold"": 60.0}",1077,0.30269266480965645,2.3506526410440367,-1.156001110947316,-0.09456274219227341,0.8826893145169081,-101.84407334107846,126.77085996283789,0.1765550580677283,meaningful,0.0005,0.0002
c864b9ede56988,bollinger_fade,short,"{""atr_window"": 14, ""regime_ema"": 100, ""rr"": 2.5, ""sl_atr"": 2.25, ""std_mult"": 1.5, ""window"": 20}",815,0.301840490797546,2.3554113357746065,-1.1541533634355212,-0.09482463214019428,0.8823199112079988,-77.28207519425834,86.23174910716172,0.1751197178301075,meaningful,0.0005,0.0002
6f8e03fe3e2d86,ema_cross,long,"{""atr_window"": 14, ""fast_ema"": 34, ""rr"": 2.5, ""sl_atr"": 2.25, ""slow_ema"": 55}",754,0.3103448275862069,2.3126444796948302,-1.1783856180390955,-0.09496248425960135,0.883148945414358,-71.60171313173942,108.08131383727066,0.21038808555327,meaningful,0.0005,0.0002
cb73cbc84964fc,ema_cross,long,"{""atr_window"": 14, ""fast_ema"": 34, ""rr"": 1.5, ""sl_atr"": 2.25, ""slow_ema"": 144}",487,0.433264887063655,1.3339616108224104,-1.1906248215954793,-0.09681016607150651,0.8565284097795602,-47.146550876823675,59.7497066900308,0.21113464895194353,meaningful,0.0005,0.0002
65d6f82a9fb554,ema_cross,long,"{""atr_window"": 14, ""fast_ema"": 13, ""rr"": 2.0, ""sl_atr"": 2.25, ""slow_ema"": 144}",708,0.3629943502824859,1.827964836251465,-1.1939985254002552,-0.09704289836001218,0.8724099861986881,-68.70637203888862,116.94766433311946,0.21249925315628435,meaningful,0.0005,0.0002
23e7c990ad8344,rsi_extreme,short,"{""atr_window"": 14, ""level"": 30.0, ""regime_ema"": 100, ""rr"": 2.5, ""rsi_window"": 7, ""sl_atr"": 2.25}",429,0.30303030303030304,2.343604055932288,-1.1583857827179813,-0.09717674070274814,0.8796363874538551,-41.68882176147895,61.93490527989058,0.18143275614262974,meaningful,0.0005,0.0002
0cfa3c166ad231,zscore_reversion,short,"{""atr_window"": 14, ""rr"": 2.5, ""sl_atr"": 2.25, ""window"": 80, ""zscore_threshold"": 2.0}",1085,0.29861751152073734,2.3600104874362584,-1.1441784893272968,-0.09776629718776508,0.8781738640284947,-106.07643244872511,135.43491490620337,0.16310312364340507,meaningful,0.0005,0.0002
b74a8b5542f5ce,bollinger_fade,short,"{""atr_window"": 14, ""regime_ema"": 200, ""rr"": 2.0, ""sl_atr"": 2.25, ""std_mult"": 1.5, ""window"": 20}",974,0.3490759753593429,1.8646724204054077,-1.1505813097357844,-0.09802867293085091,0.8691102894211218,-95.47992743464879,116.39557249311993,0.16605655201453015,meaningful,0.0005,0.0002
513a3bd4d7569d,macd_momentum,both,"{""atr_window"": 14, ""fast"": 8, ""regime_ema"": 0, ""rr"": 2.0, ""signal"": 5, ""sl_atr"": 2.25, ""slow"": 26}",2237,0.34152883325882877,1.8850774054676969,-1.1267205063195942,-0.09810467949550372,0.8677679405265061,-219.46016803144184,243.99391525016495,0.14069031232119655,meaningful,0.0005,0.0002
c0ceb19f7a1573,ema_cross,short,"{""atr_window"": 14, ""fast_ema"": 21, ""rr"": 2.5, ""sl_atr"": 2.25, ""slow_ema"": 144}",601,0.30782029950083195,2.322706993016483,-1.176108061793612,-0.09910176372394887,0.8782650453772651,-59.56015999809327,100.82168370676553,0.2053457399485556,meaningful,0.0005,0.0002
38c10e9283768c,bollinger_fade,short,"{""atr_window"": 14, ""regime_ema"": 200, ""rr"": 2.5, ""sl_atr"": 2.25, ""std_mult"": 2.5, ""window"": 60}",206,0.3106796116504854,2.33147997344018,-1.1949027071804972,-0.09932750543426744,0.8794087326430249,-20.461466119459093,55.48020723369693,0.21719669484888884,exploratory,0.0005,0.0002
b43c24bbabdfde,bollinger_fade,short,"{""atr_window"": 14, ""regime_ema"": 100, ""rr"": 1.5, ""sl_atr"": 2.25, ""std_mult"": 2.0, ""window"": 20}",818,0.421760391198044,1.3543307268904083,-1.159705326208373,-0.09938449696744439,0.8517948978443513,-81.29651851936951,94.66819838564113,0.18069733258158155,meaningful,0.0005,0.0002
eeb4413760749f,zscore_reversion,long,"{""atr_window"": 14, ""rr"": 2.5, ""sl_atr"": 2.25, ""window"": 80, ""zscore_threshold"": 2.5}",782,0.2915601023017903,2.3779587477926345,-1.1192053229114673,-0.09957180869083403,0.8744190924287415,-77.86515439623221,85.74816941642685,0.1397578889518237,meaningful,0.0005,0.0002
8d9c15441f2ff2,rsi_momentum,short,"{""atr_window"": 14, ""regime_ema"": 200, ""rr"": 2.0, ""rsi_window"": 21, ""sl_atr"": 2.25, ""threshold"": 50.0}",1033,0.35333978702807356,1.8437767471997326,-1.1617738961893744,-0.09979327195217763,0.8671677567120203,-103.0864499265995,118.11363815372329,0.18365060402646727,meaningful,0.0005,0.0002
3144898d420862,macd_momentum,long,"{""atr_window"": 14, ""fast"": 8, ""regime_ema"": 0, ""rr"": 2.5, ""signal"": 9, ""sl_atr"": 2.25, ""slow"": 21}",1711,0.2939801285797779,2.3715394376773804,-1.1298259834405109,-0.10049412673548497,0.8740169269774896,-171.94545084441478,204.7010219402429,0.15151439420279042,meaningful,0.0005,0.0002
1ac50b9ccd230f,rsi_momentum,short,"{""atr_window"": 14, ""regime_ema"": 100, ""rr"": 2.0, ""rsi_window"": 21, ""sl_atr"": 2.25, ""threshold"": 50.0}",1185,0.35443037974683544,1.8441344354925073,-1.1683074743869948,-0.10060654430312067,0.8666091647794667,-119.218754999198,145.42078236876097,0.18880531607540837,meaningful,0.0005,0.0002
0e199fe04cac78,rsi_momentum,short,"{""atr_window"": 14, ""regime_ema"": 200, ""rr"": 2.0, ""rsi_window"": 14, ""sl_atr"": 2.25, ""threshold"": 50.0}",1138,0.351493848857645,1.8488112504323886,-1.1582942187682523,-0.10131514347804471,0.8651219199359818,-115.29663327801488,120.54709562908118,0.18130851262090394,meaningful,0.0005,0.0002
6d5eb92b8084d3,ema_cross,both,"{""atr_window"": 14, ""fast_ema"": 13, ""rr"": 2.0, ""sl_atr"": 2.25, ""slow_ema"": 144}",1113,0.35759209344115006,1.8301876578659837,-1.1774800303776376,-0.1019618453632969,0.8652051626175182,-113.48353388934946,167.3841944222432,0.2018257654659317,meaningful,0.0005,0.0002
c9acdbe4626a97,zscore_reversion,short,"{""atr_window"": 14, ""rr"": 2.0, ""sl_atr"": 2.25, ""window"": 80, ""zscore_threshold"": 1.5}",1344,0.34598214285714285,1.861032258937552,-1.14144609626076,-0.1026422010470583,0.8625068876584625,-137.95111820724637,160.49782501995242,0.16291178354924504,meaningful,0.0005,0.0002
b00be4d97f65d9,zscore_reversion,long,"{""atr_window"": 14, ""rr"": 2.5, ""sl_atr"": 2.25, ""window"": 80, ""zscore_threshold"": 2.0}",1017,0.2910521140609636,2.3789329823661767,-1.1217524129743213,-0.10287052799812901,0.8706460649860007,-104.6193269740972,128.73634360761622,0.1402542092853493,meaningful,0.0005,0.0002
2388f3ae304e9f,ema_cross,long,"{""atr_window"": 14, ""fast_ema"": 8, ""rr"": 2.0, ""sl_atr"": 2.25, ""slow_ema"": 89}",1009,0.3587710604558969,1.8286299781715722,-1.18461128697208,-0.10354752286702333,0.8636827760836487,-104.47945057282654,127.5169699019007,0.2105888830597762,meaningful,0.0005,0.0002
16b8ed5cedec2d,bollinger_fade,short,"{""atr_window"": 14, ""regime_ema"": 200, ""rr"": 2.5, ""sl_atr"": 2.25, ""std_mult"": 2.0, ""window"": 20}",712,0.2991573033707865,2.357384665551824,-1.1540936918242701,-0.10360929558675885,0.8719035477120379,-73.7698184577723,93.72571160915572,0.17091207746917048,meaningful,0.0005,0.0002
f0f947d187c59c,bollinger_fade,short,"{""atr_window"": 14, ""regime_ema"": 0, ""rr"": 2.5, ""sl_atr"": 2.25, ""std_mult"": 1.5, ""window"": 20}",1870,0.29251336898395724,2.3737306007544117,-1.1291421359271472,-0.10450503059837044,0.869181144606864,-195.42440721895272,213.5013889308683,0.14718611991035305,meaningful,0.0005,0.0002
0b85fef987478b,macd_momentum,long,"{""atr_window"": 14, ""fast"": 12, ""regime_ema"": 0, ""rr"": 2.5, ""signal"": 5, ""sl_atr"": 2.25, ""slow"": 21}",1739,0.2915468660149511,2.376703979295283,-1.1263932891948192,-0.10507625922099419,0.8683249708901039,-182.7276147853089,205.9402953604885,0.14649282657066726,meaningful,0.0005,0.0002
23c0a95aeef577,rsi_momentum,short,"{""atr_window"": 14, ""regime_ema"": 200, ""rr"": 1.5, ""rsi_window"": 21, ""sl_atr"": 2.25, ""threshold"": 60.0}",1264,0.4177215189873418,1.3665260641951653,-1.1632578378347551,-0.10651266356909209,0.8427486011553792,-134.6320067513324,154.30190747378012,0.18191151135786604,meaningful,0.0005,0.0002
5fd0b084433f8b,zscore_reversion,long,"{""atr_window"": 14, ""rr"": 2.5, ""sl_atr"": 2.25, ""window"": 40, ""zscore_threshold"": 2.0}",1288,0.2911490683229814,2.3730771899199756,-1.125311808956771,-0.1067591113024387,0.8661627023541296,-137.50573535754106,150.41141549398657,0.14657928311947946,meaningful,0.0005,0.0002
a14cffbd3d42b2,rsi_momentum,short,"{""atr_window"": 14, ""regime_ema"": 0, ""rr"": 2.5, ""rsi_window"": 21, ""sl_atr"": 2.25, ""threshold"": 60.0}",1142,0.29859894921190894,2.3448007169337224,-1.1519095398812866,-0.10779553149782088,0.8665815253931678,-123.10249697051145,143.1457816047547,0.1776329517109359,meaningful,0.0005,0.0002
bbb98c04e4cab1,bollinger_fade,short,"{""atr_window"": 14, ""regime_ema"": 0, ""rr"": 2.0, ""sl_atr"": 2.25, ""std_mult"": 1.5, ""window"": 20}",2238,0.34048257372654156,1.8735324256444734,-1.131679009611664,-0.10845688554322043,0.8546859546635401,-242.72650984572732,259.49610421464297,0.1489533601542568,meaningful,0.0005,0.0002
d38e2a29c6c882,zscore_reversion,long,"{""atr_window"": 14, ""rr"": 2.5, ""sl_atr"": 2.25, ""window"": 40, ""zscore_threshold"": 1.5}",1420,0.2908450704225352,2.369554040616843,-1.1257232998553957,-0.10913911561945566,0.8632876813493862,-154.97754417962705,167.2849986860987,0.14752266130078645,meaningful,0.0005,0.0002
ac581383e2410e,macd_momentum,both,"{""atr_window"": 14, ""fast"": 8, ""regime_ema"": 0, ""rr"": 2.0, ""signal"": 9, ""sl_atr"": 2.25, ""slow"": 21}",2222,0.33888388838883887,1.8839301436930567,-1.131203471294294,-0.10942326783548423,0.8536842054163386,-243.13850113044595,268.20990338622903,0.14330038346195734,meaningful,0.0005,0.0002
c84f4eb29a5194,squeeze_breakout,long,"{""atr_window"": 14, ""bandwidth_lookback"": 96, ""bb_window"": 20, ""breakout_lookback"": 48, ""quantile"": 0.1, ""rr"": 1.5, ""sl_atr"": 2.0, ""squeeze_memory"": 12, ""std_mult"": 1.5}",579,0.42487046632124353,1.3689064365659174,-1.2015564435780852,-0.10944268102985603,0.841628555865947,-63.36731231628664,76.32181904643379,0.22636532236008258,meaningful,0.0005,0.0002
d2f0a97a7e3307,squeeze_breakout,long,"{""atr_window"": 14, ""bandwidth_lookback"": 96, ""bb_window"": 20, ""breakout_lookback"": 48, ""quantile"": 0.1, ""rr"": 1.5, ""sl_atr"": 2.0, ""squeeze_memory"": 12, ""std_mult"": 2.0}",579,0.42487046632124353,1.3689064365659174,-1.2015564435780852,-0.10944268102985603,0.841628555865947,-63.36731231628664,76.32181904643379,0.22636532236008258,meaningful,0.0005,0.0002
b0e270425c50ef,macd_momentum,both,"{""atr_window"": 14, ""fast"": 8, ""regime_ema"": 0, ""rr"": 2.0, ""signal"": 5, ""sl_atr"": 2.25, ""slow"": 21}",2263,0.3376049491825011,1.8818730119083602,-1.124593146642556,-0.1095952919660647,0.8528774016179422,-248.0141457192044,271.7721382232286,0.14114795347268708,meaningful,0.0005,0.0002
059f11a27d9d8c,macd_momentum,long,"{""atr_window"": 14, ""fast"": 12, ""regime_ema"": 200, ""rr"": 1.5, ""signal"": 9, ""sl_atr"": 2.25, ""slow"": 26}",1373,0.415877640203933,1.3656181029193564,-1.160476160952358,-0.10993003956069809,0.8378278293140681,-150.93394431683848,182.45822772014475,0.18471748115231124,meaningful,0.0005,0.0002
11a5566b3fed7a,rsi_momentum,short,"{""atr_window"": 14, ""regime_ema"": 200, ""rr"": 2.0, ""rsi_window"": 21, ""sl_atr"": 2.25, ""threshold"": 60.0}",1093,0.34858188472095153,1.8504662679959771,-1.1603680627355726,-0.11084575714662435,0.8533562778362165,-121.15441256126041,140.74377161674164,0.18469483810202592,meaningful,0.0005,0.0002
228e37549dffe1,rsi_momentum,short,"{""atr_window"": 14, ""regime_ema"": 100, ""rr"": 2.5, ""rsi_window"": 21, ""sl_atr"": 2.25, ""threshold"": 60.0}",1132,0.29770318021201414,2.3445432863776334,-1.15207303703754,-0.11111923757560237,0.8626626894207648,-125.78697693558188,146.91146714602107,0.17784361273207508,meaningful,0.0005,0.0002
40f58c240921a7,rsi_momentum,both,"{""atr_window"": 14, ""regime_ema"": 200, ""rr"": 2.0, ""rsi_window"": 7, ""sl_atr"": 2.25, ""threshold"": 60.0}",2435,0.3445585215605749,1.8586125583893132,-1.1485104788678866,-0.11238061099980014,0.8507128230540496,-273.6467877845133,291.56824861259304,0.17043553122257457,meaningful,0.0005,0.0002
d134c96930e13b,macd_momentum,long,"{""atr_window"": 14, ""fast"": 8, ""regime_ema"": 0, ""rr"": 2.5, ""signal"": 5, ""sl_atr"": 2.25, ""slow"": 21}",1721,0.28820453224869264,2.381307509055555,-1.1231332751659275,-0.11313755815613352,0.8584791955904841,-194.70973758670578,230.1208919842665,0.14165846841355284,meaningful,0.0005,0.0002
8286b0b9094ed4,bollinger_fade,short,"{""atr_window"": 14, ""regime_ema"": 100, ""rr"": 2.5, ""sl_atr"": 2.25, ""std_mult"": 1.5, ""window"": 40}",543,0.3001841620626151,2.33980834565407,-1.1657702258037557,-0.11345105978602893,0.8609369241575433,-61.60392546381371,73.77383761413157,0.18824762195974656,meaningful,0.0005,0.0002
14ec66a8889c40,rsi_momentum,short,"{""atr_window"": 14, ""regime_ema"": 0, ""rr"": 2.0, ""rsi_window"": 14, ""sl_atr"": 2.25, ""threshold"": 50.0}",2017,0.34258800198314326,1.863358684151145,-1.1440135196804377,-0.11372388515013361,0.8487891671830576,-229.3810763478195,232.7234373275003,0.16566749066975126,meaningful,0.0005,0.0002
faf8732c223054,squeeze_breakout,long,"{""atr_window"": 14, ""bandwidth_lookback"": 96, ""bb_window"": 20, ""breakout_lookback"": 48, ""quantile"": 0.2, ""rr"": 1.5, ""sl_atr"": 2.0, ""squeeze_memory"": 12, ""std_mult"": 1.5}",778,0.4254498714652956,1.3637547965389503,-1.2088586951720115,-0.11434061579369732,0.835374517055404,-88.95699908749651,101.57412806030682,0.2176711078248962,meaningful,0.0005,0.0002
7387ffb4df19cf,squeeze_breakout,long,"{""atr_window"": 14, ""bandwidth_lookback"": 96, ""bb_window"": 20, ""breakout_lookback"": 48, ""quantile"": 0.2, ""rr"": 1.5, ""sl_atr"": 2.0, ""squeeze_memory"": 12, ""std_mult"": 2.0}",778,0.4254498714652956,1.3637547965389503,-1.2088586951720115,-0.11434061579369732,0.835374517055404,-88.95699908749651,101.57412806030682,0.2176711078248962,meaningful,0.0005,0.0002
34fadafaedbbb4,bollinger_fade,long,"{""atr_window"": 14, ""regime_ema"": 0, ""rr"": 2.5, ""sl_atr"": 2.25, ""std_mult"": 2.5, ""window"": 40}",1450,0.2903448275862069,2.370521592213735,-1.1313228609238328,-0.1145804369438907,0.8572827271023774,-166.1416335686415,175.69894769859687,0.14999913994817515,meaningful,0.0005,0.0002
9c56e3607e9070,rsi_extreme,long,"{""atr_window"": 14, ""level"": 30.0, ""regime_ema"": 0, ""rr"": 2.5, ""rsi_window"": 14, ""sl_atr"": 2.25}",907,0.2866593164277839,2.381899712934218,-1.1184125119494936,-0.1150154022805134,0.8558359441133545,-104.31896986842565,113.5699123277495,0.135222947224725,meaningful,0.0005,0.0002
080399ebe92b71,zscore_reversion,short,"{""atr_window"": 14, ""rr"": 2.5, ""sl_atr"": 2.25, ""window"": 20, ""zscore_threshold"": 1.5}",1824,0.29002192982456143,2.3721252855139716,-1.1311261768568488,-0.1151064270793465,0.8566678596792489,-209.954122992728,222.13915488779443,0.14994456756730176,meaningful,0.0005,0.0002
3871f611746f9d,rsi_extreme,short,"{""atr_window"": 14, ""level"": 25.0, ""regime_ema"": 100, ""rr"": 2.5, ""rsi_window"": 7, ""sl_atr"": 1.75}",203,0.3103448275862069,2.3189975754600263,-1.2106317991306454,-0.11522957943009197,0.8619870300006857,-23.39160462430867,39.530876549751866,0.22488029889233224,exploratory,0.0005,0.0002
62070cbdea1f56,rsi_momentum,long,"{""atr_window"": 14, ""regime_ema"": 200, ""rr"": 2.0, ""rsi_window"": 14, ""sl_atr"": 2.25, ""threshold"": 50.0}",1088,0.3446691176470588,1.8539451232032573,-1.1511063778046382,-0.1153579284682772,0.8470775124450952,-125.5094261734856,141.71710102632008,0.17582359489584107,meaningful,0.0005,0.0002
2f96a7ec1bb4ff,macd_momentum,long,"{""atr_window"": 14, ""fast"": 12, ""regime_ema"": 0, ""rr"": 2.5, ""signal"": 5, ""sl_atr"": 2.25, ""slow"": 26}",1693,0.28883638511518017,2.3789359867984117,-1.1290295758349134,-0.11580148361536488,0.855775422327256,-196.05191176081274,231.90624455937194,0.14892221116685908,meaningful,0.0005,0.0002
65cdd3bc9c0475,macd_momentum,both,"{""atr_window"": 14, ""fast"": 8, ""regime_ema"": 0, ""rr"": 2.0, ""signal"": 5, ""sl_atr"": 2.25, ""slow"": 34}",2206,0.3359020852221215,1.883667795526987,-1.1276113322142172,-0.11611639402009567,0.8449392100794754,-256.15276520833106,271.15788540756944,0.14085521464396497,meaningful,0.0005,0.0002
1ae039758351f4,squeeze_breakout,long,"{""atr_window"": 14, ""bandwidth_lookback"": 192, ""bb_window"": 20, ""breakout_lookback"": 48, ""quantile"": 0.2, ""rr"": 1.5, ""sl_atr"": 2.0, ""squeeze_memory"": 12, ""std_mult"": 1.5}",716,0.4259776536312849,1.3647339738308502,-1.2158630065044207,-0.11658635985322285,0.8329546856414511,-83.47583365490756,101.50474889170046,0.22666000008436982,meaningful,0.0005,0.0002
8e60f041f1f1ca,squeeze_breakout,long,"{""atr_window"": 14, ""bandwidth_lookback"": 192, ""bb_window"": 20, ""breakout_lookback"": 48, ""quantile"": 0.2, ""rr"": 1.5, ""sl_atr"": 2.0, ""squeeze_memory"": 12, ""std_mult"": 2.0}",716,0.4259776536312849,1.3647339738308502,-1.2158630065044207,-0.11658635985322285,0.8329546856414511,-83.47583365490756,101.50474889170046,0.22666000008436982,meaningful,0.0005,0.0002
6bf9344e8ea9e7,macd_momentum,both,"{""atr_window"": 14, ""fast"": 12, ""regime_ema"": 0, ""rr"": 2.0, ""signal"": 5, ""sl_atr"": 2.25, ""slow"": 21}",2217,0.33558863328822736,1.884035971608498,-1.1280501770375968,-0.11722830306705354,0.8435891029976782,-259.8951478996577,287.03651789035,0.14123020853203141,meaningful,0.0005,0.0002
50d9984fae3b2e,rsi_momentum,short,"{""atr_window"": 14, ""regime_ema"": 100, ""rr"": 2.0, ""rsi_window"": 14, ""sl_atr"": 2.25, ""threshold"": 50.0}",1262,0.3478605388272583,1.841509136585069,-1.1623132958404845,-0.11740200595552568,0.8451141186618157,-148.1613315158734,158.54825989523331,0.1875219318124263,meaningful,0.0005,0.0002
261c728223a8fb,bollinger_fade,short,"{""atr_window"": 14, ""regime_ema"": 100, ""rr"": 2.5, ""sl_atr"": 2.25, ""std_mult"": 2.0, ""window"": 20}",674,0.29673590504451036,2.3490085341165776,-1.1583259063368876,-0.11757384685514703,0.8556683710319571,-79.2447727803691,90.82088956808833,0.17849904680719483,meaningful,0.0005,0.0002
da3a5678e7e29c,rsi_extreme,long,"{""atr_window"": 14, ""level"": 20.0, ""regime_ema"": 200, ""rr"": 2.5, ""rsi_window"": 7, ""sl_atr"": 2.25}",162,0.29012345679012347,2.3803119354533613,-1.1395928146589753,-0.11838588098440872,0.8536585404222466,-19.178512719474213,26.81513165992702,0.15612658714050578,exploratory,0.0005,0.0002
3943e750ede363,rsi_extreme,short,"{""atr_window"": 14, ""level"": 25.0, ""regime_ema"": 100, ""rr"": 1.5, ""rsi_window"": 7, ""sl_atr"": 2.25}",198,0.41414141414141414,1.3567424114708941,-1.162356899014725,-0.11909354820754957,0.8251136402766055,-23.580522545094816,31.08133147225131,0.17439984821053858,exploratory,0.0005,0.0002
fc549210a3f7f3,rsi_extreme,short,"{""atr_window"": 14, ""level"": 30.0, ""regime_ema"": 100, ""rr"": 2.0, ""rsi_window"": 7, ""sl_atr"": 2.25}",464,0.3448275862068966,1.8479607474690858,-1.1544541350802866,-0.11913865833912371,0.842485543743954,-55.2803374693534,64.89970198915259,0.17675883148957353,meaningful,0.0005,0.0002
c48b6b04ed53c4,macd_momentum,both,"{""atr_window"": 14, ""fast"": 12, ""regime_ema"": 0, ""rr"": 2.0, ""signal"": 5, ""sl_atr"": 2.25, ""slow"": 26}",2188,0.3350091407678245,1.885144482249803,-1.1295250080935928,-0.11958317243467648,0.840794325071117,-261.6479812870721,279.62210566446464,0.14214462557716967,meaningful,0.0005,0.0002
c6478c7a4697b6,macd_momentum,long,"{""atr_window"": 14, ""fast"": 12, ""regime_ema"": 200, ""rr"": 2.5, ""signal"": 9, ""sl_atr"": 2.25, ""slow"": 26}",1074,0.2951582867783985,2.3629769407392764,-1.16067507881194,-0.12063998551795903,0.8525349784664368,-129.567344446288,161.01573727714663,0.18421167059324467,meaningful,0.0005,0.0002
093c9102e50817,macd_momentum,short,"{""atr_window"": 14, ""fast"": 12, ""regime_ema"": 0, ""rr"": 2.0, ""signal"": 9, ""sl_atr"": 2.25, ""slow"": 34}",2160,0.3388888888888889,1.8660544760889988,-1.1403654295991756,-0.12152312822707216,0.8388091293309957,-262.4899569704759,280.13573711164827,0.1601611647135998,meaningful,0.0005,0.0002
15f25f540f4ba0,macd_momentum,long,"{""atr_window"": 14, ""fast"": 8, ""regime_ema"": 0, ""rr"": 2.5, ""signal"": 5, ""sl_atr"": 2.25, ""slow"": 26}",1732,0.2863741339491917,2.3793629305008532,-1.1252518807029015,-0.12162084931891616,0.8485435750325788,-210.6473110203628,231.50863667255288,0.14466395182374303,meaningful,0.0005,0.0002
30efe5eb79ceb2,rsi_momentum,short,"{""atr_window"": 14, ""regime_ema"": 0, ""rr"": 1.5, ""rsi_window"": 14, ""sl_atr"": 2.25, ""threshold"": 50.0}",2373,0.4083438685208597,1.361126671371762,-1.1452548224578298,-0.1217893072783631,0.8202629284339747,-289.0060261715556,293.5477886982257,0.16864215253846543,meaningful,0.0005,0.0002
9991279201321d,zscore_reversion,short,"{""atr_window"": 14, ""rr"": 2.0, ""sl_atr"": 2.25, ""window"": 20, ""zscore_threshold"": 1.5}",2133,0.336615096108767,1.871006300081946,-1.1332549783702612,-0.12197527938822449,0.8377522803729959,-260.1732709350828,269.48836272846853,0.15167991034037312,meaningful,0.0005,0.0002
e66e8f4ca911fa,rsi_momentum,both,"{""atr_window"": 14, ""regime_ema"": 0, ""rr"": 2.0, ""rsi_window"": 21, ""sl_atr"": 2.25, ""threshold"": 55.0}",2539,0.3430484442693974,1.8613060591245951,-1.1577519950268875,-0.12206882639122724,0.8395070774038946,-309.93275020732597,338.5887542035276,0.1771303841796365,meaningful,0.0005,0.0002
7ba16cd1231e9d,rsi_momentum,both,"{""atr_window"": 14, ""regime_ema"": 0, ""rr"": 2.5, ""rsi_window"": 14, ""sl_atr"": 2.25, ""threshold"": 60.0}",2217,0.29499323410013534,2.3539723212858843,-1.1583048725628367,-0.12220686409325454,0.8503490659664047,-270.9326176947453,295.75371430718883,0.17807253237972012,meaningful,0.0005,0.0002
854e0dc1c11ebe,zscore_reversion,short,"{""atr_window"": 14, ""rr"": 1.5, ""sl_atr"": 2.25, ""window"": 80, ""zscore_threshold"": 1.5}",1427,0.4099509460406447,1.3558324421211847,-1.1500559848684142,-0.12276465355172504,0.8190884719788296,-175.18516061831164,193.07109130619037,0.17388546486920892,meaningful,0.0005,0.0002
2a6e7fa447f4f6,rsi_momentum,short,"{""atr_window"": 14, ""regime_ema"": 0, ""rr"": 1.5, ""rsi_window"": 7, ""sl_atr"": 2.25, ""threshold"": 50.0}",2731,0.404979860856829,1.3718425785742372,-1.1403833477863874,-0.12298244168794327,0.8187572767179361,-335.86504824977305,351.62385801999744,0.1571868474915648,meaningful,0.0005,0.0002
b9c744e2545270,rsi_momentum,both,"{""atr_window"": 14, ""regime_ema"": 200, ""rr"": 2.0, ""rsi_window"": 14, ""sl_atr"": 2.25, ""threshold"": 50.0}",1953,0.34101382488479265,1.8563139132616442,-1.1479413710268227,-0.12344878560126253,0.8368110265188915,-241.09547827926573,247.70231638536023,0.1714340501303928,meaningful,0.0005,0.0002
6bd54371e1f1e0,rsi_momentum,short,"{""atr_window"": 14, ""regime_ema"": 100, ""rr"": 2.5, ""rsi_window"": 14, ""sl_atr"": 2.25, ""threshold"": 50.0}",1096,0.2965328467153285,2.3374447062207038,-1.1616141263567634,-0.12402824990815318,0.8482198747310361,-135.9349618993359,149.74898770638188,0.18765658863695434,meaningful,0.0005,0.0002
6266037ed2de83,rsi_momentum,long,"{""atr_window"": 14, ""regime_ema"": 100, ""rr"": 1.5, ""rsi_window"": 21, ""sl_atr"": 2.25, ""threshold"": 55.0}",1750,0.41714285714285715,1.3465983521345533,-1.1765754700479496,-0.12405153279467693,0.8191076411451478,-217.09018239068462,238.83854339171558,0.20007728702120492,meaningful,0.0005,0.0002
78c5570fb3eb54,macd_momentum,short,"{""atr_window"": 14, ""fast"": 8, ""regime_ema"": 200, ""rr"": 2.0, ""signal"": 5, ""sl_atr"": 2.25, ""slow"": 34}",1294,0.34234930448222567,1.8553077673193108,-1.1549343874839455,-0.12438007946397463,0.8362436182857531,-160.94782282638317,168.86608964025842,0.17291315759601625,meaningful,0.0005,0.0002
d9d8a81c14c85e,zscore_reversion,long,"{""atr_window"": 14, ""rr"": 2.0, ""sl_atr"": 2.25, ""window"": 40, ""zscore_threshold"": 2.0}",1465,0.33447098976109213,1.8734348499290516,-1.1284806213516259,-0.12442698249324213,0.8343263377790316,-182.28552935259972,189.95762910972687,0.15018739904818237,meaningful,0.0005,0.0002
f8edfaaf3a79e3,macd_momentum,long,"{""atr_window"": 14, ""fast"": 12, ""regime_ema"": 200, ""rr"": 2.0, ""signal"": 9, ""sl_atr"": 2.25, ""slow"": 26}",1195,0.3422594142259414,1.8654109533984664,-1.1603184349964892,-0.12473406691821577,0.8365619208282965,-149.05720996726785,184.98609812753747,0.18488851252467065,meaningful,0.0005,0.0002
2e435b5d6b06ed,macd_momentum,long,"{""atr_window"": 14, ""fast"": 12, ""regime_ema"": 200, ""rr"": 2.5, ""signal"": 9, ""sl_atr"": 2.25, ""slow"": 21}",1125,0.29333333333333333,2.3650253856686754,-1.1582909225253128,-0.12478480545507639,0.847549291428957,-140.38290613696094,175.6245092305677,0.1813624153419414,meaningful,0.0005,0.0002
f8c265fb1c5704,rsi_extreme,long,"{""atr_window"": 14, ""level"": 25.0, ""regime_ema"": 0, ""rr"": 2.5, ""rsi_window"": 7, ""sl_atr"": 2.25}",1311,0.28680396643783374,2.3787393452654877,-1.1320510324359736,-0.1251424267794139,0.8450007315933782,-164.06172150781163,179.52017382747488,0.14082422085285068,meaningful,0.0005,0.0002
3ee0accbb15517,rsi_extreme,long,"{""atr_window"": 14, ""level"": 30.0, ""regime_ema"": 0, ""rr"": 2.5, ""rsi_window"": 7, ""sl_atr"": 2.25}",1556,0.2847043701799486,2.378282005065688,-1.1217395593799977,-0.12526812425825062,0.8438784096112036,-194.91720134583795,207.45685292498004,0.1416427677824224,meaningful,0.0005,0.0002
9df4bfe056c3b2,macd_momentum,short,"{""atr_window"": 14, ""fast"": 12, ""regime_ema"": 200, ""rr"": 2.0, ""signal"": 5, ""sl_atr"": 2.25, ""slow"": 26}",1278,0.3427230046948357,1.8500313503044525,-1.1558378104511484,-0.1256572999574448,0.8345973763488447,-160.59002934561443,165.63811378029433,0.17488421199968726,meaningful,0.0005,0.0002
bf7078d02282e4,zscore_reversion,short,"{""atr_window"": 14, ""rr"": 2.0, ""sl_atr"": 2.25, ""window"": 80, ""zscore_threshold"": 2.0}",1131,0.3395225464190981,1.8583273436839303,-1.145757554289682,-0.1258030000705246,0.8337581850063324,-142.28319307976332,158.6824064241275,0.1649137555489445,meaningful,0.0005,0.0002
1c73d45b9d9b9a,macd_momentum,long,"{""atr_window"": 14, ""fast"": 12, ""regime_ema"": 0, ""rr"": 2.5, ""signal"": 9, ""sl_atr"": 2.25, ""slow"": 21}",1730,0.2861271676300578,2.3845039228260805,-1.132552260027302,-0.12622693603168086,0.8438748261511035,-218.3725993348079,265.39464561725026,0.1516034894505353,meaningful,0.0005,0.0002
ba755068ef3e5c,macd_momentum,long,"{""atr_window"": 14, ""fast"": 8, ""regime_ema"": 0, ""rr"": 2.5, ""signal"": 5, ""sl_atr"": 2.25, ""slow"": 34}",1760,0.2852272727272727,2.381488764555973,-1.1272451143261628,-0.12645851932682634,0.8430498419104034,-222.56699401521433,238.40626485728205,0.1468214188496185,meaningful,0.0005,0.0002
af6d1fbd790b6a,zscore_reversion,long,"{""atr_window"": 14, ""rr"": 1.5, ""sl_atr"": 2.25, ""window"": 20, ""zscore_threshold"": 2.5}",1449,0.4078674948240166,1.3642460311129283,-1.1533077397895224,-0.1264793901667837,0.8147937433363086,-183.26863635166958,191.93723346597113,0.16166213897591383,meaningful,0.0005,0.0002
3ec59038017e7a,rsi_extreme,long,"{""atr_window"": 14, ""level"": 30.0, ""regime_ema"": 0, ""rr"": 2.0, ""rsi_window"": 7, ""sl_atr"": 2.25}",1832,0.3329694323144105,1.8746546951875032,-1.1258121770017562,-0.1267484258907035,0.8312161472387011,-232.2031162317688,244.39548177482155,0.1469642529050158,meaningful,0.0005,0.0002
b27388a119f7d9,rsi_extreme,short,"{""atr_window"": 14, ""level"": 25.0, ""regime_ema"": 100, ""rr"": 2.5, ""rsi_window"": 7, ""sl_atr"": 2.25}",194,0.29381443298969073,2.3630315033068805,-1.1627891646153157,-0.12685216424642307,0.8455179344072997,-24.609319863806075,34.339009163186056,0.17515604393482717,exploratory,0.0005,0.0002
75ba0814f6233f,zscore_reversion,long,"{""atr_window"": 14, ""rr"": 1.5, ""sl_atr"": 2.25, ""window"": 40, ""zscore_threshold"": 2.5}",1203,0.4023275145469659,1.3677072111843311,-1.1344008966653012,-0.1277339605063469,0.8116018846839717,-153.6639544891353,163.58468788843723,0.15648750359032176,meaningful,0.0005,0.0002
f0f846fffe454d,zscore_reversion,short,"{""atr_window"": 14, ""rr"": 1.5, ""sl_atr"": 2.25, ""window"": 80, ""zscore_threshold"": 2.0}",1181,0.4072819644369179,1.3555812698288416,-1.1484860986253032,-0.12862462171891562,0.8110485516145808,-151.90567825003933,170.4347669214098,0.16824961826211055,meaningful,0.0005,0.0002
0d088c33414292,rsi_extreme,short,"{""atr_window"": 14, ""level"": 25.0, ""regime_ema"": 100, ""rr"": 1.5, ""rsi_window"": 7, ""sl_atr"": 1.75}",205,0.4292682926829268,1.3134675675679723,-1.2151568004792148,-0.1296985351711539,0.8129874514284404,-26.58819971008655,38.16096010405855,0.2266402843064961,exploratory,0.0005,0.0002
a64b95709d96c5,rsi_extreme,short,"{""atr_window"": 14, ""level"": 30.0, ""regime_ema"": 100, ""rr"": 2.5, ""rsi_window"": 7, ""sl_atr"": 1.75}",493,0.30425963488843816,2.301434192714042,-1.1938276466291626,-0.1303605555511086,0.8430514275756459,-64.26775388669654,75.03804355872296,0.22414539649274276,meaningful,0.0005,0.0002
58a2e24b46ddaa,zscore_reversion,short,"{""atr_window"": 14, ""rr"": 2.5, ""sl_atr"": 2.25, ""window"": 20, ""zscore_threshold"": 2.0}",1692,0.2872340425531915,2.3687159151885506,-1.1390410467739973,-0.1314938342953932,0.8380357868187526,-222.4875676278053,232.6546033169432,0.15732898903688705,meaningful,0.0005,0.0002
de715e0603062c,rsi_extreme,long,"{""atr_window"": 14, ""level"": 20.0, ""regime_ema"": 0, ""rr"": 2.5, ""rsi_window"": 7, ""sl_atr"": 2.25}",974,0.2874743326488706,2.3775802555502725,-1.1439566877439853,-0.13160520507212464,0.8385407350255263,-128.1834697402494,140.18227880493694,0.14788957262149413,meaningful,0.0005,0.0002
193be030c93d53,zscore_reversion,short,"{""atr_window"": 14, ""rr"": 2.0, ""sl_atr"": 2.25, ""window"": 20, ""zscore_threshold"": 2.5}",1372,0.3403790087463557,1.8513437147831928,-1.154961201819575,-0.13167811431702944,0.8271570239730202,-180.6623728429644,194.11128269616705,0.17518930285913567,meaningful,0.0005,0.0002
a0b7bf384eddc0,rsi_extreme,long,"{""atr_window"": 14, ""level"": 30.0, ""regime_ema"": 0, ""rr"": 1.5, ""rsi_window"": 7, ""sl_atr"": 2.25}",2152,0.3986988847583643,1.3718312056309943,-1.1306885806499118,-0.13293673277397441,0.8044715374555621,-286.0798489295929,293.17886736151684,0.15257652378797187,meaningful,0.0005,0.0002
11d928091de912,zscore_reversion,short,"{""atr_window"": 14, ""rr"": 2.0, ""sl_atr"": 2.25, ""window"": 20, ""zscore_threshold"": 2.0}",1903,0.3357856016815554,1.8631687445139977,-1.1423923452641425,-0.13316820634231816,0.8245000568324912,-253.41909666943144,266.92894097916985,0.16188086524147322,meaningful,0.0005,0.0002
f21e2be043cb09,squeeze_breakout,long,"{""atr_window"": 14, ""bandwidth_lookback"": 96, ""bb_window"": 40, ""breakout_lookback"": 48, ""quantile"": 0.2, ""rr"": 2.5, ""sl_atr"": 2.0, ""squeeze_memory"": 12, ""std_mult"": 1.5}",639,0.30359937402190923,2.3457262533851457,-1.2141260139066408,-0.13335709394637976,0.8422776621731535,-85.21518303173667,97.76701985174918,0.22361217313036139,meaningful,0.0005,0.0002
0fdfe406aeb27b,squeeze_breakout,long,"{""atr_window"": 14, ""bandwidth_lookback"": 96, ""bb_window"": 40, ""breakout_lookback"": 48, ""quantile"": 0.2, ""rr"": 2.5, ""sl_atr"": 2.0, ""squeeze_memory"": 12, ""std_mult"": 2.0}",639,0.30359937402190923,2.3457262533851457,-1.2141260139066408,-0.13335709394637976,0.8422776621731535,-85.21518303173667,97.76701985174918,0.22361217313036139,meaningful,0.0005,0.0002
d2e16fd64ab0a6,zscore_reversion,short,"{""atr_window"": 14, ""rr"": 2.5, ""sl_atr"": 1.75, ""window"": 80, ""zscore_threshold"": 2.0}",1271,0.3021243115656963,2.315011219242235,-1.193723396728417,-0.13364936641155614,0.8395701679163888,-169.86834470908786,193.60382047170657,0.2166642875759219,meaningful,0.0005,0.0002
252da0855602f0,rsi_extreme,short,"{""atr_window"": 14, ""level"": 30.0, ""regime_ema"": 200, ""rr"": 2.5, ""rsi_window"": 7, ""sl_atr"": 2.25}",559,0.29159212880143115,2.349603585896475,-1.1632482921053915,-0.13892833483472208,0.8314087507455827,-77.66093917260964,83.54131576622764,0.18402628003689614,meaningful,0.0005,0.0002
2837e8c4cc775d,squeeze_breakout,long,"{""atr_window"": 14, ""bandwidth_lookback"": 96, ""bb_window"": 40, ""breakout_lookback"": 48, ""quantile"": 0.1, ""rr"": 1.5, ""sl_atr"": 2.0, ""squeeze_memory"": 12, ""std_mult"": 1.5}",517,0.4158607350096712,1.359997709162173,-1.2075925151238764,-0.13983255724863336,0.8017690384044833,-72.29343209754344,81.62104115244172,0.2293419448171067,meaningful,0.0005,0.0002
8948ba8c30d41b,squeeze_breakout,long,"{""atr_window"": 14, ""bandwidth_lookback"": 96, ""bb_window"": 40, ""breakout_lookback"": 48, ""quantile"": 0.1, ""rr"": 1.5, ""sl_atr"": 2.0, ""squeeze_memory"": 12, ""std_mult"": 2.0}",517,0.4158607350096712,1.359997709162173,-1.2075925151238764,-0.13983255724863336,0.8017690384044833,-72.29343209754344,81.62104115244172,0.2293419448171067,meaningful,0.0005,0.0002
fd0844fca425af,rsi_extreme,short,"{""atr_window"": 14, ""level"": 30.0, ""regime_ema"": 100, ""rr"": 1.5, ""rsi_window"": 7, ""sl_atr"": 1.75}",521,0.42034548944337813,1.3128673293825168,-1.1965503669686648,-0.14172795717805303,0.7956590898508187,-73.84026568976563,90.55999462546484,0.22536282316665665,meaningful,0.0005,0.0002
e1847ce9a0ccdf,rsi_extreme,long,"{""atr_window"": 14, ""level"": 30.0, ""regime_ema"": 200, ""rr"": 2.0, ""rsi_window"": 7, ""sl_atr"": 2.25}",689,0.33381712626995647,1.8576358500896617,-1.146015259697324,-0.1433450779106669,0.8122417966361346,-98.76475868044949,106.62523568625443,0.16838728257885505,meaningful,0.0005,0.0002
2c3ecd9525d6c5,rsi_extreme,long,"{""atr_window"": 14, ""level"": 30.0, ""regime_ema"": 200, ""rr"": 1.5, ""rsi_window"": 7, ""sl_atr"": 2.25}",751,0.3994673768308921,1.3627117138135336,-1.1456730302243683,-0.14365515644091872,0.791203158440264,-107.88502248712996,113.54593242188488,0.1686615247071256,meaningful,0.0005,0.0002
da68e531374675,squeeze_breakout,long,"{""atr_window"": 14, ""bandwidth_lookback"": 192, ""bb_window"": 40, ""breakout_lookback"": 48, ""quantile"": 0.2, ""rr"": 1.5, ""sl_atr"": 2.0, ""squeeze_memory"": 12, ""std_mult"": 1.5}",628,0.42197452229299365,1.32757931238934,-1.220535804219617,-0.14529614514099662,0.7940524703384113,-91.24597914854587,103.0019380936302,0.22823267728822247,meaningful,0.0005,0.0002
3e9c74e93acbcd,squeeze_breakout,long,"{""atr_window"": 14, ""bandwidth_lookback"": 192, ""bb_window"": 40, ""breakout_lookback"": 48, ""quantile"": 0.2, ""rr"": 1.5, ""sl_atr"": 2.0, ""squeeze_memory"": 12, ""std_mult"": 2.0}",628,0.42197452229299365,1.32757931238934,-1.220535804219617,-0.14529614514099662,0.7940524703384113,-91.24597914854587,103.0019380936302,0.22823267728822247,meaningful,0.0005,0.0002
02e7a375734d84,squeeze_breakout,long,"{""atr_window"": 14, ""bandwidth_lookback"": 192, ""bb_window"": 20, ""breakout_lookback"": 48, ""quantile"": 0.1, ""rr"": 1.5, ""sl_atr"": 2.0, ""squeeze_memory"": 12, ""std_mult"": 1.5}",532,0.41729323308270677,1.3702746020102097,-1.230867586128253,-0.14542855273212751,0.7972371973431168,-77.36799005349184,91.2518201363426,0.24015906755301597,meaningful,0.0005,0.0002
39543878809c5b,squeeze_breakout,long,"{""atr_window"": 14, ""bandwidth_lookback"": 192, ""bb_window"": 20, ""breakout_lookback"": 48, ""quantile"": 0.1, ""rr"": 1.5, ""sl_atr"": 2.0, ""squeeze_memory"": 12, ""std_mult"": 2.0}",532,0.41729323308270677,1.3702746020102097,-1.230867586128253,-0.14542855273212751,0.7972371973431168,-77.36799005349184,91.2518201363426,0.24015906755301597,meaningful,0.0005,0.0002
0e819617f793aa,rsi_extreme,short,"{""atr_window"": 14, ""level"": 30.0, ""regime_ema"": 100, ""rr"": 2.0, ""rsi_window"": 7, ""sl_atr"": 1.75}",506,0.34782608695652173,1.817642914641336,-1.1937269812914004,-0.14629397401044858,0.8120864901844226,-74.02475084928699,92.8657966266151,0.22473139228258507,meaningful,0.0005,0.0002
acd464abcb2bed,rsi_extreme,short,"{""atr_window"": 14, ""level"": 30.0, ""regime_ema"": 200, ""rr"": 2.0, ""rsi_window"": 7, ""sl_atr"": 2.25}",623,0.33707865168539325,1.8464910594238377,-1.1600290516715404,-0.14659530635849172,0.8093709012512866,-91.32887586134034,96.05814751363941,0.18228201189270635,meaningful,0.0005,0.0002
78dfdd045c84ad,squeeze_breakout,long,"{""atr_window"": 14, ""bandwidth_lookback"": 96, ""bb_window"": 40, ""breakout_lookback"": 48, ""quantile"": 0.2, ""rr"": 1.5, ""sl_atr"": 2.0, ""squeeze_memory"": 4, ""std_mult"": 1.5}",548,0.4142335766423358,1.350911968190678,-1.2107420431810103,-0.1496189399303293,0.7890349679865167,-81.99117908182045,88.31791835269777,0.2305852694564603,meaningful,0.0005,0.0002
351d1681763aa4,squeeze_breakout,long,"{""atr_window"": 14, ""bandwidth_lookback"": 96, ""bb_window"": 40, ""breakout_lookback"": 48, ""quantile"": 0.2, ""rr"": 1.5, ""sl_atr"": 2.0, ""squeeze_memory"": 4, ""std_mult"": 2.0}",548,0.4142335766423358,1.350911968190678,-1.2107420431810103,-0.1496189399303293,0.7890349679865167,-81.99117908182045,88.31791835269777,0.2305852694564603,meaningful,0.0005,0.0002
ec7033a0638b01,squeeze_breakout,long,"{""atr_window"": 14, ""bandwidth_lookback"": 192, ""bb_window"": 20, ""breakout_lookback"": 48, ""quantile"": 0.2, ""rr"": 2.5, ""sl_atr"": 2.0, ""squeeze_memory"": 12, ""std_mult"": 1.5}",654,0.2981651376146789,2.359597698911616,-1.21812125851878,-0.15137019322990047,0.8229422644481508,-98.99610637235492,140.09537979651515,0.22776456910796566,meaningful,0.0005,0.0002
9237512b064635,squeeze_breakout,long,"{""atr_window"": 14, ""bandwidth_lookback"": 192, ""bb_window"": 20, ""breakout_lookback"": 48, ""quantile"": 0.2, ""rr"": 2.5, ""sl_atr"": 2.0, ""squeeze_memory"": 12, ""std_mult"": 2.0}",654,0.2981651376146789,2.359597698911616,-1.21812125851878,-0.15137019322990047,0.8229422644481508,-98.99610637235492,140.09537979651515,0.22776456910796566,meaningful,0.0005,0.0002
