config_id,family,direction,params_json,train_trades,train_expectancy_r,validation_trades,validation_expectancy_r,validation_winrate,validation_avg_win_r,validation_avg_loss_r,validation_profit_factor_r,validation_max_drawdown_r,validation_cost_r_per_trade,fold_id,train_start,train_end,validation_start,validation_end
671dce7450cb57,atr_expansion_breakout,long,"{""atr_mean_window"": 48, ""atr_window"": 17, ""expansion_mult"": 1.5, ""lookback"": 96, ""rr"": 2.5, ""sl_atr"": 1.75}",144,0.4571523098135903,20,-0.1409159953715792,0.3,2.351009325584688,-1.208883990067122,0.8334756962036001,9.6363842893124,0.22272048162562869,F01,2021-01-01 00:00:00+00:00,2024-04-25 08:30:00+00:00,2024-04-25 08:30:00+00:00,2024-10-25 08:30:00+00:00
db48581cdd6ca6,atr_expansion_breakout,long,"{""atr_mean_window"": 48, ""atr_window"": 14, ""expansion_mult"": 1.5, ""lookback"": 96, ""rr"": 2.5, ""sl_atr"": 2.25, ""weekday_filter"": ""weekdays""}",130,0.4294327178747495,20,0.09891151547008062,0.35,2.390382463885344,-1.1349574567535228,1.1340768866323325,4.672924566604549,0.14693665787647875,F01,2021-01-01 00:00:00+00:00,2024-04-25 08:30:00+00:00,2024-04-25 08:30:00+00:00,2024-10-25 08:30:00+00:00
0c55c7bf7ab559,atr_expansion_breakout,long,"{""atr_mean_window"": 192, ""atr_window"": 14, ""expansion_mult"": 1.75, ""lookback"": 96, ""rr"": 2.5, ""sl_atr"": 2.25}",104,0.383788981399567,17,-0.3151637268304167,0.23529411764705882,2.3825571231308538,-1.1452316806646536,0.6401276805400763,10.132390913376007,0.16197164343675335,F01,2021-01-01 00:00:00+00:00,2024-04-25 08:30:00+00:00,2024-04-25 08:30:00+00:00,2024-10-25 08:30:00+00:00
8be2d31b7ea385,atr_expansion_breakout,long,"{""atr_mean_window"": 192, ""atr_window"": 14, ""expansion_mult"": 1.5, ""lookback"": 77, ""rr"": 2.5, ""sl_atr"": 2.25}",170,0.3726261461236522,31,-0.1138595633507616,0.2903225806451613,2.365974871202472,-1.1283372865770844,0.8578098255377843,8.471008045271716,0.15165788201609623,F01,2021-01-01 00:00:00+00:00,2024-04-25 08:30:00+00:00,2024-04-25 08:30:00+00:00,2024-10-25 08:30:00+00:00
2aa159ae472cd3,atr_expansion_breakout,long,"{""atr_mean_window"": 192, ""atr_window"": 14, ""expansion_mult"": 1.5, ""lookback"": 115, ""rr"": 2.5, ""sl_atr"": 2.25}",163,0.37022640263683376,29,0.07097251854119767,0.3448275862068966,2.3645127802190142,-1.1361539349734426,1.095344893269833,7.845549835923763,0.15842758650505867,F01,2021-01-01 00:00:00+00:00,2024-04-25 08:30:00+00:00,2024-04-25 08:30:00+00:00,2024-10-25 08:30:00+00:00
adbb7fc904ce79,atr_expansion_breakout,long,"{""atr_mean_window"": 192, ""atr_window"": 14, ""expansion_mult"": 1.5, ""lookback"": 96, ""rr"": 2.5, ""session"": ""new_york"", ""sl_atr"": 1.75}",104,0.36742523094132723,19,0.31139924360147053,0.42105263157894735,2.337846662202355,-1.1623806971991728,1.4627325815562926,4.572446541052842,0.18896773848779827,F01,2021-01-01 00:00:00+00:00,2024-04-25 08:30:00+00:00,2024-04-25 08:30:00+00:00,2024-10-25 08:30:00+00:00
12d8ee1fc12170,atr_expansion_breakout,long,"{""atr_mean_window"": 48, ""atr_window"": 17, ""expansion_mult"": 1.5, ""lookback"": 96, ""rr"": 2.5, ""sl_atr"": 2.25}",133,0.36665558128496195,20,-0.09849799484486732,0.3,2.3837295532169906,-1.1623098011570918,0.8789381100745487,9.27149914052654,0.17322704126437782,F01,2021-01-01 00:00:00+00:00,2024-04-25 08:30:00+00:00,2024-04-25 08:30:00+00:00,2024-10-25 08:30:00+00:00
66d66a4af706d8,atr_expansion_breakout,long,"{""atr_mean_window"": 48, ""atr_window"": 14, ""expansion_mult"": 1.5, ""lookback"": 96, ""rr"": 2.5, ""sl_atr"": 1.75, ""weekday_filter"": ""weekdays""}",146,0.36349758562943485,21,-0.16420352425531812,0.2857142857142857,2.360358149012233,-1.1740281935623387,0.8041913003299277,8.23712188473549,0.1915931263596684,F01,2021-01-01 00:00:00+00:00,2024-04-25 08:30:00+00:00,2024-04-25 08:30:00+00:00,2024-10-25 08:30:00+00:00
a2032f069d6c96,atr_expansion_breakout,long,"{""atr_mean_window"": 192, ""atr_window"": 14, ""expansion_mult"": 1.5, ""lookback"": 96, ""rr"": 2.75, ""sl_atr"": 1.75}",186,0.36210229746936307,30,-0.04798513620849155,0.3,2.5780069122733114,-1.1734102998435503,0.9415803708279198,8.088535223386575,0.2017374606533009,F01,2021-01-01 00:00:00+00:00,2024-04-25 08:30:00+00:00,2024-04-25 08:30:00+00:00,2024-10-25 08:30:00+00:00
51ab427d075eee,atr_expansion_breakout,long,"{""atr_mean_window"": 192, ""atr_window"": 14, ""expansion_mult"": 1.5, ""lookback"": 96, ""rr"": 2.5, ""sl_atr"": 2.25}",167,0.3582325679986707,29,-0.0477251348065127,0.3103448275862069,2.365974871202472,-1.1338901375105557,0.9389698850178074,7.845549835923764,0.15620186827072247,F01,2021-01-01 00:00:00+00:00,2024-04-25 08:30:00+00:00,2024-04-25 08:30:00+00:00,2024-10-25 08:30:00+00:00
8f1bcbc6764d37,atr_expansion_breakout,long,"{""atr_mean_window"": 48, ""atr_window"": 14, ""expansion_mult"": 1.5, ""lookback"": 96, ""rr"": 2.75, ""sl_atr"": 1.75}",175,0.3463668394846805,30,-0.44873805377587056,0.2,2.610183184005233,-1.2134683632211465,0.537752623619398,18.70531306196602,0.22777964344439774,F01,2021-01-01 00:00:00+00:00,2024-04-25 08:30:00+00:00,2024-04-25 08:30:00+00:00,2024-10-25 08:30:00+00:00
f3fe1c15720248,atr_expansion_breakout,long,"{""atr_mean_window"": 48, ""atr_window"": 14, ""expansion_mult"": 1.5, ""lookback"": 96, ""rr"": 2.5, ""sl_atr"": 2.25, ""weekday_filter"": ""mon_thu""}",106,0.34464336077664043,15,-0.4323613991090588,0.2,2.3843841850102105,-1.136547795138876,0.5244795236963308,9.02103009085371,0.15468462623484547,F01,2021-01-01 00:00:00+00:00,2024-04-25 08:30:00+00:00,2024-04-25 08:30:00+00:00,2024-10-25 08:30:00+00:00
db11c1e81f40a9,atr_expansion_breakout,long,"{""atr_mean_window"": 192, ""atr_window"": 14, ""expansion_mult"": 1.5, ""lookback"": 115, ""rr"": 2.5, ""sl_atr"": 1.75}",184,0.3430313417462712,31,0.18029583252089296,0.3870967741935484,2.3283952974210576,-1.1763985663634215,1.250057160090482,8.088535223386575,0.2033673511284541,F01,2021-01-01 00:00:00+00:00,2024-04-25 08:30:00+00:00,2024-04-25 08:30:00+00:00,2024-10-25 08:30:00+00:00
7db4b0aa60e888,atr_expansion_breakout,long,"{""atr_mean_window"": 230, ""atr_window"": 14, ""expansion_mult"": 1.5, ""lookback"": 96, ""rr"": 2.5, ""sl_atr"": 2.25}",169,0.34273880003134755,29,-0.04396977423524088,0.3103448275862069,2.365974871202472,-1.1284448646822116,0.9435008526898174,7.845549835923764,0.15182010316719702,F01,2021-01-01 00:00:00+00:00,2024-04-25 08:30:00+00:00,2024-04-25 08:30:00+00:00,2024-10-25 08:30:00+00:00
14a0333efbbb11,atr_expansion_breakout,long,"{""atr_mean_window"": 48, ""atr_window"": 14, ""expansion_mult"": 1.5, ""lookback"": 96, ""rr"": 2.75, ""sl_atr"": 2.25}",156,0.3406316575320834,27,-0.5905445961680562,0.14814814814814814,2.6449689075651825,-1.1532425968173152,0.3988706226161878,21.244093172151004,0.17083299392642456,F01,2021-01-01 00:00:00+00:00,2024-04-25 08:30:00+00:00,2024-04-25 08:30:00+00:00,2024-10-25 08:30:00+00:00
c863b439a98aa9,atr_expansion_breakout,long,"{""atr_mean_window"": 48, ""atr_window"": 14, ""expansion_mult"": 1.5, ""lookback"": 96, ""rr"": 2.0, ""sl_atr"": 2.25, ""weekday_filter"": ""weekdays""}",141,0.3399070222312876,20,-0.07596600902502033,0.35,1.8907323938993414,-1.1349574567535228,0.8970262872674385,5.41948014042146,0.14693665787647875,F01,2021-01-01 00:00:00+00:00,2024-04-25 08:30:00+00:00,2024-04-25 08:30:00+00:00,2024-10-25 08:30:00+00:00
b4568def8970eb,atr_expansion_breakout,long,"{""atr_mean_window"": 192, ""atr_window"": 14, ""expansion_mult"": 1.5, ""lookback"": 96, ""rr"": 2.5, ""session"": ""high_liquidity"", ""sl_atr"": 1.75}",129,0.3320374914833208,21,0.49807199262636087,0.47619047619047616,2.326818842657957,-1.164425143765999,1.816595826950697,4.572446541052843,0.19617233299876863,F01,2021-01-01 00:00:00+00:00,2024-04-25 08:30:00+00:00,2024-04-25 08:30:00+00:00,2024-10-25 08:30:00+00:00
863aeec0f5af83,atr_expansion_breakout,long,"{""atr_mean_window"": 48, ""atr_window"": 17, ""expansion_mult"": 1.5, ""lookback"": 96, ""rr"": 2.0, ""sl_atr"": 2.25}",142,0.33017227004199146,20,-0.2483930158406702,0.3,1.884079483230981,-1.1623098011570918,0.6947051765945557,9.27149914052654,0.17322704126437782,F01,2021-01-01 00:00:00+00:00,2024-04-25 08:30:00+00:00,2024-04-25 08:30:00+00:00,2024-10-25 08:30:00+00:00
431935ee5b8306,atr_expansion_breakout,long,"{""atr_mean_window"": 192, ""atr_window"": 14, ""expansion_mult"": 1.5, ""lookback"": 77, ""rr"": 2.5, ""sl_atr"": 1.75}",193,0.3295787335086068,33,-0.0007538888198673463,0.3333333333333333,2.330123636765165,-1.1661926516123833,0.9990303203949731,10.349463023961198,0.19521066753049815,F01,2021-01-01 00:00:00+00:00,2024-04-25 08:30:00+00:00,2024-04-25 08:30:00+00:00,2024-10-25 08:30:00+00:00
111d9e990bb7ae,atr_expansion_breakout,long,"{""atr_mean_window"": 48, ""atr_window"": 14, ""expansion_mult"": 1.5, ""lookback"": 96, ""rr"": 2.5, ""sl_atr"": 2.25}",161,0.3288138676692541,28,-0.273304211874729,0.25,2.390382463885344,-1.1611997704614199,0.6861818051443724,12.452256938119875,0.17314383951666798,F01,2021-01-01 00:00:00+00:00,2024-04-25 08:30:00+00:00,2024-04-25 08:30:00+00:00,2024-10-25 08:30:00+00:00
99a721e5b120ae,atr_expansion_breakout,long,"{""atr_mean_window"": 192, ""atr_window"": 14, ""expansion_mult"": 1.5, ""lookback"": 96, ""rr"": 2.5, ""sl_atr"": 1.75}",189,0.32548961881158217,31,0.06976594061329588,0.3548387096774194,2.330123636765165,-1.1734307922702323,1.0921547386202435,8.211306877612536,0.20069033518761653,F01,2021-01-01 00:00:00+00:00,2024-04-25 08:30:00+00:00,2024-04-25 08:30:00+00:00,2024-10-25 08:30:00+00:00
93983b74b7b9d7,atr_expansion_breakout,long,"{""atr_mean_window"": 48, ""atr_window"": 14, ""expansion_mult"": 1.5, ""lookback"": 96, ""rr"": 2.0, ""sl_atr"": 2.25}",174,0.2862132165519666,28,-0.3982167293712297,0.25,1.8907323938993414,-1.1611997704614199,0.5427525455411895,14.950507288049897,0.17314383951666798,F01,2021-01-01 00:00:00+00:00,2024-04-25 08:30:00+00:00,2024-04-25 08:30:00+00:00,2024-10-25 08:30:00+00:00
7f53c01695b964,atr_expansion_breakout,long,"{""atr_mean_window"": 48, ""atr_window"": 14, ""expansion_mult"": 1.5, ""lookback"": 96, ""rr"": 2.5, ""sl_atr"": 1.75}",180,0.2856390324418617,30,-0.49870306077447063,0.2,2.360358149012233,-1.2134683632211465,0.4862834130151264,19.704613201938013,0.22777964344439774,F01,2021-01-01 00:00:00+00:00,2024-04-25 08:30:00+00:00,2024-04-25 08:30:00+00:00,2024-10-25 08:30:00+00:00
cf6e6f8b442621,atr_expansion_breakout,long,"{""atr_mean_window"": 192, ""atr_window"": 14, ""expansion_mult"": 1.25, ""lookback"": 96, ""rr"": 2.5, ""sl_atr"": 2.25}",275,0.2778305839530585,48,0.03196198956260449,0.3333333333333333,2.3712115108280516,-1.137662771070119,1.0421416482661292,6.7758667262020005,0.15683109331229117,F01,2021-01-01 00:00:00+00:00,2024-04-25 08:30:00+00:00,2024-04-25 08:30:00+00:00,2024-10-25 08:30:00+00:00
0049a2440077d5,atr_expansion_breakout,long,"{""atr_mean_window"": 192, ""atr_window"": 14, ""expansion_mult"": 1.5, ""lookback"": 48, ""rr"": 2.5, ""sl_atr"": 2.25}",187,0.2757149366668003,35,-0.02532739664024386,0.3142857142857143,2.3714217164395124,-1.1238374068017987,0.9671342255174318,6.943884440711197,0.14615069324839772,F01,2021-01-01 00:00:00+00:00,2024-04-25 08:30:00+00:00,2024-04-25 08:30:00+00:00,2024-10-25 08:30:00+00:00
415dd941af93e8,atr_expansion_breakout,long,"{""atr_mean_window"": 192, ""atr_window"": 14, ""expansion_mult"": 1.5, ""lookback"": 20, ""rr"": 2.5, ""sl_atr"": 1.25}",285,0.2750269222127759,45,0.47758971222358626,0.4888888888888889,2.2555612460501737,-1.223078711436628,1.7639857072264233,6.23628173215781,0.2718927218942916,F01,2021-01-01 00:00:00+00:00,2024-04-25 08:30:00+00:00,2024-04-25 08:30:00+00:00,2024-10-25 08:30:00+00:00
836ff872e09519,atr_expansion_breakout,long,"{""atr_mean_window"": 192, ""atr_window"": 14, ""expansion_mult"": 1.5, ""lookback"": 96, ""rr"": 2.5, ""sl_atr"": 1.25}",206,0.27209360990105214,33,0.3459179316428259,0.45454545454545453,2.256010166107594,-1.2458255970778143,1.5090462711362185,6.550377565652821,0.28537382683799556,F01,2021-01-01 00:00:00+00:00,2024-04-25 08:30:00+00:00,2024-04-25 08:30:00+00:00,2024-10-25 08:30:00+00:00
b4dbb83f1cf790,atr_expansion_breakout,long,"{""atr_mean_window"": 192, ""atr_window"": 14, ""expansion_mult"": 1.5, ""lookback"": 96, ""rr"": 2.0, ""sl_atr"": 1.75}",201,0.2687916999321328,32,0.046376848692659026,0.40625,1.8325747198648483,-1.1757585368462078,1.0664323279804069,9.611022689862104,0.20094683885729955,F01,2021-01-01 00:00:00+00:00,2024-04-25 08:30:00+00:00,2024-04-25 08:30:00+00:00,2024-10-25 08:30:00+00:00
746a32c45fd61c,atr_expansion_breakout,long,"{""atr_mean_window"": 192, ""atr_window"": 14, ""expansion_mult"": 1.5, ""lookback"": 48, ""rr"": 2.5, ""sl_atr"": 1.75}",216,0.26818491320327115,38,0.03453586668313014,0.34210526315789475,2.3357505933110922,-1.16209579116341,1.0451722807685278,10.03887517789169,0.18983230412456864,F01,2021-01-01 00:00:00+00:00,2024-04-25 08:30:00+00:00,2024-04-25 08:30:00+00:00,2024-10-25 08:30:00+00:00
d4144b222f8101,atr_expansion_breakout,long,"{""atr_mean_window"": 48, ""atr_window"": 14, ""expansion_mult"": 1.5, ""lookback"": 20, ""rr"": 2.0, ""sl_atr"": 2.25}",206,0.2653522765848492,33,-0.4087156049497141,0.24242424242424243,1.8938123796150959,-1.145524560010453,0.5290327092343622,17.288053828996034,0.15889427095385517,F01,2021-01-01 00:00:00+00:00,2024-04-25 08:30:00+00:00,2024-04-25 08:30:00+00:00,2024-10-25 08:30:00+00:00
db48581cdd6ca6,atr_expansion_breakout,long,"{""atr_mean_window"": 48, ""atr_window"": 14, ""expansion_mult"": 1.5, ""lookback"": 96, ""rr"": 2.5, ""sl_atr"": 2.25, ""weekday_filter"": ""weekdays""}",150,0.3853632242207937,24,-0.9648981896385326,0.041666666666666664,2.359760809538174,-1.1094485809070853,0.09247683744206761,23.157556551324788,0.11922907658718405,F02,2021-01-01 00:00:00+00:00,2024-10-25 08:30:00+00:00,2024-10-25 08:30:00+00:00,2025-04-25 08:30:00+00:00
671dce7450cb57,atr_expansion_breakout,long,"{""atr_mean_window"": 48, ""atr_window"": 17, ""expansion_mult"": 1.5, ""lookback"": 96, ""rr"": 2.5, ""sl_atr"": 1.75}",164,0.38421715064466716,22,-0.34933814419231984,0.22727272727272727,2.336639759848692,-1.1393316453808526,0.6032018780282897,7.836162272524563,0.16911154237494588,F02,2021-01-01 00:00:00+00:00,2024-10-25 08:30:00+00:00,2024-10-25 08:30:00+00:00,2025-04-25 08:30:00+00:00
adbb7fc904ce79,atr_expansion_breakout,long,"{""atr_mean_window"": 192, ""atr_window"": 14, ""expansion_mult"": 1.5, ""lookback"": 96, ""rr"": 2.5, ""session"": ""new_york"", ""sl_atr"": 1.75}",123,0.35877081013273143,24,-0.4380360801889307,0.20833333333333334,2.3571119114034347,-1.1736013411342903,0.5285377466121047,15.296674618746543,0.1449917116968801,F02,2021-01-01 00:00:00+00:00,2024-10-25 08:30:00+00:00,2024-10-25 08:30:00+00:00,2025-04-25 08:30:00+00:00
b4568def8970eb,atr_expansion_breakout,long,"{""atr_mean_window"": 192, ""atr_window"": 14, ""expansion_mult"": 1.5, ""lookback"": 96, ""rr"": 2.5, ""session"": ""high_liquidity"", ""sl_atr"": 1.75}",150,0.3552823216433464,26,-0.3610197373545168,0.23076923076923078,2.3411298181705082,-1.1716646040120247,0.5994368550916338,12.896004109173472,0.15055957015003746,F02,2021-01-01 00:00:00+00:00,2024-10-25 08:30:00+00:00,2024-10-25 08:30:00+00:00,2025-04-25 08:30:00+00:00
2aa159ae472cd3,atr_expansion_breakout,long,"{""atr_mean_window"": 192, ""atr_window"": 14, ""expansion_mult"": 1.5, ""lookback"": 115, ""rr"": 2.5, ""sl_atr"": 2.25}",192,0.3250265972265554,31,-0.11346633913085145,0.2903225806451613,2.35330859148254,-1.122601538018148,0.8575769036987333,10.82694287885757,0.12925592436031558,F02,2021-01-01 00:00:00+00:00,2024-10-25 08:30:00+00:00,2024-10-25 08:30:00+00:00,2025-04-25 08:30:00+00:00
db11c1e81f40a9,atr_expansion_breakout,long,"{""atr_mean_window"": 192, ""atr_window"": 14, ""expansion_mult"": 1.5, ""lookback"": 115, ""rr"": 2.5, ""sl_atr"": 1.75}",215,0.3195671520440074,33,-0.0072387711678020775,0.3333333333333333,2.3157577262779885,-1.1687370198906972,0.9907094953210958,8.424204360113778,0.1661793712738393,F02,2021-01-01 00:00:00+00:00,2024-10-25 08:30:00+00:00,2024-10-25 08:30:00+00:00,2025-04-25 08:30:00+00:00
12d8ee1fc12170,atr_expansion_breakout,long,"{""atr_mean_window"": 48, ""atr_window"": 17, ""expansion_mult"": 1.5, ""lookback"": 96, ""rr"": 2.5, ""sl_atr"": 2.25}",153,0.3058511922483829,22,-0.476109746840823,0.18181818181818182,2.328075829757509,-1.0992620971960079,0.47063406053043383,10.474414430498106,0.13153119962495793,F02,2021-01-01 00:00:00+00:00,2024-10-25 08:30:00+00:00,2024-10-25 08:30:00+00:00,2025-04-25 08:30:00+00:00
a2032f069d6c96,atr_expansion_breakout,long,"{""atr_mean_window"": 192, ""atr_window"": 14, ""expansion_mult"": 1.5, ""lookback"": 96, ""rr"": 2.75, ""sl_atr"": 1.75}",216,0.30514570945854985,35,-0.20240771454611978,0.2571428571428571,2.569008717364244,-1.1617441717458612,0.7654630597216596,15.426497118297656,0.16002095036208375,F02,2021-01-01 00:00:00+00:00,2024-10-25 08:30:00+00:00,2024-10-25 08:30:00+00:00,2025-04-25 08:30:00+00:00
415dd941af93e8,atr_expansion_breakout,long,"{""atr_mean_window"": 192, ""atr_window"": 14, ""expansion_mult"": 1.5, ""lookback"": 20, ""rr"": 2.5, ""sl_atr"": 1.25}",330,0.30264912085061363,60,-0.15634932359712314,0.3,2.36606034087862,-1.2373820369438702,0.8194929537534166,25.30295723554788,0.22652823211553058,F02,2021-01-01 00:00:00+00:00,2024-10-25 08:30:00+00:00,2024-10-25 08:30:00+00:00,2025-04-25 08:30:00+00:00
51ab427d075eee,atr_expansion_breakout,long,"{""atr_mean_window"": 192, ""atr_window"": 14, ""expansion_mult"": 1.5, ""lookback"": 96, ""rr"": 2.5, ""sl_atr"": 2.25}",196,0.29816739768565886,33,-0.2754992183719948,0.24242424242424243,2.3586589050816573,-1.1184298178771634,0.6748486472389691,15.218353765252415,0.12417542414471949,F02,2021-01-01 00:00:00+00:00,2024-10-25 08:30:00+00:00,2024-10-25 08:30:00+00:00,2025-04-25 08:30:00+00:00
8be2d31b7ea385,atr_expansion_breakout,long,"{""atr_mean_window"": 192, ""atr_window"": 14, ""expansion_mult"": 1.5, ""lookback"": 77, ""rr"": 2.5, ""sl_atr"": 2.25}",201,0.29759601182660333,36,-0.3424367092726184,0.2222222222222222,2.3586589050816573,-1.11417831337384,0.6048426326558113,18.45460109279085,0.12155257855447488,F02,2021-01-01 00:00:00+00:00,2024-10-25 08:30:00+00:00,2024-10-25 08:30:00+00:00,2025-04-25 08:30:00+00:00
66d66a4af706d8,atr_expansion_breakout,long,"{""atr_mean_window"": 48, ""atr_window"": 14, ""expansion_mult"": 1.5, ""lookback"": 96, ""rr"": 2.5, ""sl_atr"": 1.75, ""weekday_filter"": ""weekdays""}",167,0.2971399610331485,25,-0.7744011083651244,0.12,2.359262941229018,-1.2017189333097802,0.2677145752525348,19.36002770912811,0.15249645041586304,F02,2021-01-01 00:00:00+00:00,2024-10-25 08:30:00+00:00,2024-10-25 08:30:00+00:00,2025-04-25 08:30:00+00:00
99a721e5b120ae,atr_expansion_breakout,long,"{""atr_mean_window"": 192, ""atr_window"": 14, ""expansion_mult"": 1.5, ""lookback"": 96, ""rr"": 2.5, ""sl_atr"": 1.75}",220,0.2894558277927327,35,-0.16671842383283533,0.2857142857142857,2.3216470125579827,-1.1620645983891627,0.7991455950990046,12.928246768367664,0.16002095036208375,F02,2021-01-01 00:00:00+00:00,2024-10-25 08:30:00+00:00,2024-10-25 08:30:00+00:00,2025-04-25 08:30:00+00:00
c863b439a98aa9,atr_expansion_breakout,long,"{""atr_mean_window"": 48, ""atr_window"": 14, ""expansion_mult"": 1.5, ""lookback"": 96, ""rr"": 2.0, ""sl_atr"": 2.25, ""weekday_filter"": ""weekdays""}",161,0.28824577611249164,25,-0.6533873136603308,0.16,1.8829019064371388,-1.136490022250325,0.31557512618399947,16.334682841508272,0.11860835032344905,F02,2021-01-01 00:00:00+00:00,2024-10-25 08:30:00+00:00,2024-10-25 08:30:00+00:00,2025-04-25 08:30:00+00:00
7db4b0aa60e888,atr_expansion_breakout,long,"{""atr_mean_window"": 230, ""atr_window"": 14, ""expansion_mult"": 1.5, ""lookback"": 96, ""rr"": 2.5, ""sl_atr"": 2.25}",198,0.2860996654165442,30,-0.30599184781692945,0.23333333333333334,2.374223357538828,-1.12170951901216,0.6441861330981394,16.50204198626482,0.12059342313971885,F02,2021-01-01 00:00:00+00:00,2024-10-25 08:30:00+00:00,2024-10-25 08:30:00+00:00,2025-04-25 08:30:00+00:00
0c55c7bf7ab559,atr_expansion_breakout,long,"{""atr_mean_window"": 192, ""atr_window"": 14, ""expansion_mult"": 1.75, ""lookback"": 96, ""rr"": 2.5, ""sl_atr"": 2.25}",121,0.28558901412758586,21,-0.46154622664471223,0.19047619047619047,2.385989113364157,-1.1315545419409168,0.49613976378155095,14.481416395114412,0.11747910010013841,F02,2021-01-01 00:00:00+00:00,2024-10-25 08:30:00+00:00,2024-10-25 08:30:00+00:00,2025-04-25 08:30:00+00:00
836ff872e09519,atr_expansion_breakout,long,"{""atr_mean_window"": 192, ""atr_window"": 14, ""expansion_mult"": 1.5, ""lookback"": 96, ""rr"": 2.5, ""sl_atr"": 1.25}",239,0.28228692629217567,40,-0.18306597763537275,0.3,2.3295428339266846,-1.259898325447683,0.7924254521884042,22.079964347993965,0.23530204266530436,F02,2021-01-01 00:00:00+00:00,2024-10-25 08:30:00+00:00,2024-10-25 08:30:00+00:00,2025-04-25 08:30:00+00:00
431935ee5b8306,atr_expansion_breakout,long,"{""atr_mean_window"": 192, ""atr_window"": 14, ""expansion_mult"": 1.5, ""lookback"": 77, ""rr"": 2.5, ""sl_atr"": 1.75}",226,0.281344324053564,38,-0.14847212600655818,0.2894736842105263,2.330408183091399,-1.1583863260094298,0.8196104656595756,12.73504272246764,0.15679724556157404,F02,2021-01-01 00:00:00+00:00,2024-10-25 08:30:00+00:00,2024-10-25 08:30:00+00:00,2025-04-25 08:30:00+00:00
863aeec0f5af83,atr_expansion_breakout,long,"{""atr_mean_window"": 48, ""atr_window"": 17, ""expansion_mult"": 1.5, ""lookback"": 96, ""rr"": 2.0, ""sl_atr"": 2.25}",162,0.25874445697005793,22,-0.29441881230046124,0.2727272727272727,1.8443915900401742,-1.0964727131781995,0.6307925750931646,6.756209501502941,0.13153119962495793,F02,2021-01-01 00:00:00+00:00,2024-10-25 08:30:00+00:00,2024-10-25 08:30:00+00:00,2025-04-25 08:30:00+00:00
f3fe1c15720248,atr_expansion_breakout,long,"{""atr_mean_window"": 48, ""atr_window"": 14, ""expansion_mult"": 1.5, ""lookback"": 96, ""rr"": 2.5, ""sl_atr"": 2.25, ""weekday_filter"": ""mon_thu""}",121,0.24832045665857852,19,-1.1096518453837176,0.0,,-1.1096518453837176,0.0,21.08338506229064,0.11528042412386297,F02,2021-01-01 00:00:00+00:00,2024-10-25 08:30:00+00:00,2024-10-25 08:30:00+00:00,2025-04-25 08:30:00+00:00
cf6e6f8b442621,atr_expansion_breakout,long,"{""atr_mean_window"": 192, ""atr_window"": 14, ""expansion_mult"": 1.25, ""lookback"": 96, ""rr"": 2.5, ""sl_atr"": 2.25}",323,0.2412928361798641,49,-0.19435956638332358,0.2653061224489796,2.3391733660018486,-1.109246458633525,0.7615092991317988,20.277665848916094,0.13826829286254044,F02,2021-01-01 00:00:00+00:00,2024-10-25 08:30:00+00:00,2024-10-25 08:30:00+00:00,2025-04-25 08:30:00+00:00
111d9e990bb7ae,atr_expansion_breakout,long,"{""atr_mean_window"": 48, ""atr_window"": 14, ""expansion_mult"": 1.5, ""lookback"": 96, ""rr"": 2.5, ""sl_atr"": 2.25}",189,0.23961118921829364,30,-0.6583297509459104,0.13333333333333333,2.3193382998746723,-1.116432527995231,0.31960845636102786,20.84300830413588,0.13774545947398353,F02,2021-01-01 00:00:00+00:00,2024-10-25 08:30:00+00:00,2024-10-25 08:30:00+00:00,2025-04-25 08:30:00+00:00
b4dbb83f1cf790,atr_expansion_breakout,long,"{""atr_mean_window"": 192, ""atr_window"": 14, ""expansion_mult"": 1.5, ""lookback"": 96, ""rr"": 2.0, ""sl_atr"": 1.75}",233,0.23824545426834243,37,-0.11748862718403348,0.35135135135135137,1.8374040766378716,-1.176388841754232,0.8460302462815331,13.846842893629617,0.16747098666286966,F02,2021-01-01 00:00:00+00:00,2024-10-25 08:30:00+00:00,2024-10-25 08:30:00+00:00,2025-04-25 08:30:00+00:00
d469d5382ce9e0,atr_expansion_breakout,long,"{""atr_mean_window"": 192, ""atr_window"": 7, ""expansion_mult"": 1.5, ""lookback"": 96, ""rr"": 2.5, ""sl_atr"": 1.75}",312,0.2348187182408653,49,-0.1349620001586755,0.2857142857142857,2.327842348172446,-1.120083739491124,0.8313101123064354,21.91679368589287,0.1552436385843027,F02,2021-01-01 00:00:00+00:00,2024-10-25 08:30:00+00:00,2024-10-25 08:30:00+00:00,2025-04-25 08:30:00+00:00
0e8713b75bea49,atr_expansion_breakout,long,"{""atr_mean_window"": 192, ""atr_window"": 7, ""expansion_mult"": 1.5, ""lookback"": 48, ""rr"": 2.5, ""sl_atr"": 1.75}",357,0.23324274177456852,64,-0.1449398519297566,0.28125,2.3409416596407837,-1.1176760955877942,0.8195761303662064,24.53389802517475,0.15210062452019535,F02,2021-01-01 00:00:00+00:00,2024-10-25 08:30:00+00:00,2024-10-25 08:30:00+00:00,2025-04-25 08:30:00+00:00
746a32c45fd61c,atr_expansion_breakout,long,"{""atr_mean_window"": 192, ""atr_window"": 14, ""expansion_mult"": 1.5, ""lookback"": 48, ""rr"": 2.5, ""sl_atr"": 1.75}",254,0.23322954403884058,46,-0.1647153692586056,0.2826086956521739,2.338122497103964,-1.1506818014620421,0.8004633064456976,14.670008920114284,0.15326158860641356,F02,2021-01-01 00:00:00+00:00,2024-10-25 08:30:00+00:00,2024-10-25 08:30:00+00:00,2025-04-25 08:30:00+00:00
3299c83a435c9c,atr_expansion_breakout,long,"{""atr_mean_window"": 192, ""atr_window"": 14, ""expansion_mult"": 1.5, ""lookback"": 20, ""rr"": 2.5, ""sl_atr"": 2.25}",266,0.23244213458884475,51,-0.1552574121208841,0.27450980392156865,2.382145311099946,-1.115355739826063,0.8081298617929908,14.058423295388724,0.12209184160703607,F02,2021-01-01 00:00:00+00:00,2024-10-25 08:30:00+00:00,2024-10-25 08:30:00+00:00,2025-04-25 08:30:00+00:00
8f1bcbc6764d37,atr_expansion_breakout,long,"{""atr_mean_window"": 48, ""atr_window"": 14, ""expansion_mult"": 1.5, ""lookback"": 96, ""rr"": 2.75, ""sl_atr"": 1.75}",205,0.23001002583679497,31,-0.7180438935296848,0.12903225806451613,2.5975569679057497,-1.209244021149749,0.3182345728190292,23.486348814686224,0.17568973427612822,F02,2021-01-01 00:00:00+00:00,2024-10-25 08:30:00+00:00,2024-10-25 08:30:00+00:00,2025-04-25 08:30:00+00:00
0049a2440077d5,atr_expansion_breakout,long,"{""atr_mean_window"": 192, ""atr_window"": 14, ""expansion_mult"": 1.5, ""lookback"": 48, ""rr"": 2.5, ""sl_atr"": 2.25}",222,0.22825330754181575,44,-0.3194264077469671,0.22727272727272727,2.3684768738058657,-1.109986196438977,0.6275851424746222,20.181641499843142,0.11875050420084933,F02,2021-01-01 00:00:00+00:00,2024-10-25 08:30:00+00:00,2024-10-25 08:30:00+00:00,2025-04-25 08:30:00+00:00
0049f87d094ef0,atr_expansion_breakout,long,"{""atr_mean_window"": 192, ""atr_window"": 14, ""expansion_mult"": 1.5, ""lookback"": 96, ""rr"": 2.0, ""sl_atr"": 2.25}",212,0.21248500171652376,33,-0.21732693585679425,0.30303030303030304,1.8614533753906728,-1.121144462486128,0.7218762448534126,13.16404579548644,0.12696567232876657,F02,2021-01-01 00:00:00+00:00,2024-10-25 08:30:00+00:00,2024-10-25 08:30:00+00:00,2025-04-25 08:30:00+00:00
671dce7450cb57,atr_expansion_breakout,long,"{""atr_mean_window"": 48, ""atr_window"": 17, ""expansion_mult"": 1.5, ""lookback"": 96, ""rr"": 2.5, ""sl_atr"": 1.75}",186,0.29745254587900205,23,-0.5016012398063028,0.21739130434782608,2.314683404069503,-1.2839025297718043,0.5007916078768121,12.702998938292879,0.2879783069851904,F03,2021-01-01 00:00:00+00:00,2025-04-25 08:30:00+00:00,2025-04-25 08:30:00+00:00,2025-10-25 08:30:00+00:00
db11c1e81f40a9,atr_expansion_breakout,long,"{""atr_mean_window"": 192, ""atr_window"": 14, ""expansion_mult"": 1.5, ""lookback"": 115, ""rr"": 2.5, ""sl_atr"": 1.75}",248,0.27608088000374875,28,0.1351582399581745,0.39285714285714285,2.2573899705770293,-1.2380505269128492,1.1798097628946667,5.974734708517913,0.2795418046424282,F03,2021-01-01 00:00:00+00:00,2025-04-25 08:30:00+00:00,2025-04-25 08:30:00+00:00,2025-10-25 08:30:00+00:00
2aa159ae472cd3,atr_expansion_breakout,long,"{""atr_mean_window"": 192, ""atr_window"": 14, ""expansion_mult"": 1.5, ""lookback"": 115, ""rr"": 2.5, ""sl_atr"": 2.25}",223,0.2640701800647826,24,-0.020407879149034358,0.3333333333333333,2.3068670369864828,-1.184045337216793,0.9741464133497562,9.58346198226391,0.21814299781808502,F03,2021-01-01 00:00:00+00:00,2025-04-25 08:30:00+00:00,2025-04-25 08:30:00+00:00,2025-10-25 08:30:00+00:00
b4568def8970eb,atr_expansion_breakout,long,"{""atr_mean_window"": 192, ""atr_window"": 14, ""expansion_mult"": 1.5, ""lookback"": 96, ""rr"": 2.5, ""session"": ""high_liquidity"", ""sl_atr"": 1.75}",176,0.24946497201869375,17,0.42845380494023033,0.47058823529411764,2.2708756123998683,-1.2092544683572255,1.6692566806498603,3.56228638823983,0.2545405531064164,F03,2021-01-01 00:00:00+00:00,2025-04-25 08:30:00+00:00,2025-04-25 08:30:00+00:00,2025-10-25 08:30:00+00:00
a2032f069d6c96,atr_expansion_breakout,long,"{""atr_mean_window"": 192, ""atr_window"": 14, ""expansion_mult"": 1.5, ""lookback"": 96, ""rr"": 2.75, ""sl_atr"": 1.75}",251,0.2343713276252516,25,0.1072947838522715,0.36,2.4894662023808287,-1.2326766390700419,1.1360033073196323,7.581923910045212,0.2829033081137813,F03,2021-01-01 00:00:00+00:00,2025-04-25 08:30:00+00:00,2025-04-25 08:30:00+00:00,2025-10-25 08:30:00+00:00
415dd941af93e8,atr_expansion_breakout,long,"{""atr_mean_window"": 192, ""atr_window"": 14, ""expansion_mult"": 1.5, ""lookback"": 20, ""rr"": 2.5, ""sl_atr"": 1.25}",390,0.23203397555098162,47,0.2637822526556239,0.44680851063829785,2.2270823702107307,-1.3219601499850395,1.3607046317067244,5.481546432504057,0.38017767581753176,F03,2021-01-01 00:00:00+00:00,2025-04-25 08:30:00+00:00,2025-04-25 08:30:00+00:00,2025-10-25 08:30:00+00:00
adbb7fc904ce79,atr_expansion_breakout,long,"{""atr_mean_window"": 192, ""atr_window"": 14, ""expansion_mult"": 1.5, ""lookback"": 96, ""rr"": 2.5, ""session"": ""new_york"", ""sl_atr"": 1.75}",147,0.2286798892638905,13,0.41311781880250936,0.46153846153846156,2.307310070459256,-1.2104755397604163,1.633816034398654,3.609111750296302,0.23550293558446608,F03,2021-01-01 00:00:00+00:00,2025-04-25 08:30:00+00:00,2025-04-25 08:30:00+00:00,2025-10-25 08:30:00+00:00
99a721e5b120ae,atr_expansion_breakout,long,"{""atr_mean_window"": 192, ""atr_window"": 14, ""expansion_mult"": 1.5, ""lookback"": 96, ""rr"": 2.5, ""sl_atr"": 1.75}",255,0.22684367560885316,28,0.1351582399581745,0.39285714285714285,2.2573899705770293,-1.2380505269128492,1.1798097628946667,5.974734708517913,0.2795418046424282,F03,2021-01-01 00:00:00+00:00,2025-04-25 08:30:00+00:00,2025-04-25 08:30:00+00:00,2025-10-25 08:30:00+00:00
431935ee5b8306,atr_expansion_breakout,long,"{""atr_mean_window"": 192, ""atr_window"": 14, ""expansion_mult"": 1.5, ""lookback"": 77, ""rr"": 2.5, ""sl_atr"": 1.75}",264,0.21947680472674944,29,0.20768622908689116,0.41379310344827586,2.255813300086523,-1.2380505269128492,1.2861662472142104,5.9747347085179126,0.2803545878904443,F03,2021-01-01 00:00:00+00:00,2025-04-25 08:30:00+00:00,2025-04-25 08:30:00+00:00,2025-10-25 08:30:00+00:00
836ff872e09519,atr_expansion_breakout,long,"{""atr_mean_window"": 192, ""atr_window"": 14, ""expansion_mult"": 1.5, ""lookback"": 96, ""rr"": 2.5, ""sl_atr"": 1.25}",279,0.2155696640803685,33,0.07759594396561341,0.3939393939393939,2.2577258510462794,-1.3394884956368194,1.0955837306257659,9.134936114630177,0.39462119956256864,F03,2021-01-01 00:00:00+00:00,2025-04-25 08:30:00+00:00,2025-04-25 08:30:00+00:00,2025-10-25 08:30:00+00:00
51ab427d075eee,atr_expansion_breakout,long,"{""atr_mean_window"": 192, ""atr_window"": 14, ""expansion_mult"": 1.5, ""lookback"": 96, ""rr"": 2.5, ""sl_atr"": 2.25}",229,0.21549928270793703,24,-0.020407879149034358,0.3333333333333333,2.3068670369864828,-1.184045337216793,0.9741464133497562,9.58346198226391,0.21814299781808502,F03,2021-01-01 00:00:00+00:00,2025-04-25 08:30:00+00:00,2025-04-25 08:30:00+00:00,2025-10-25 08:30:00+00:00
7db4b0aa60e888,atr_expansion_breakout,long,"{""atr_mean_window"": 230, ""atr_window"": 14, ""expansion_mult"": 1.5, ""lookback"": 96, ""rr"": 2.5, ""sl_atr"": 2.25}",228,0.2081928873595091,22,-0.3755227013429811,0.22727272727272727,2.3450976226297904,-1.1757051495702668,0.5866560975285516,10.542425519574358,0.19966375609624504,F03,2021-01-01 00:00:00+00:00,2025-04-25 08:30:00+00:00,2025-04-25 08:30:00+00:00,2025-10-25 08:30:00+00:00
12d8ee1fc12170,atr_expansion_breakout,long,"{""atr_mean_window"": 48, ""atr_window"": 17, ""expansion_mult"": 1.5, ""lookback"": 96, ""rr"": 2.5, ""sl_atr"": 2.25}",175,0.20754753133431134,22,-0.3997856188374245,0.22727272727272727,2.3441180175777023,-1.2068161001359912,0.5712937337183824,10.035405100995723,0.2247340136659144,F03,2021-01-01 00:00:00+00:00,2025-04-25 08:30:00+00:00,2025-04-25 08:30:00+00:00,2025-10-25 08:30:00+00:00
8be2d31b7ea385,atr_expansion_breakout,long,"{""atr_mean_window"": 192, ""atr_window"": 14, ""expansion_mult"": 1.5, ""lookback"": 77, ""rr"": 2.5, ""sl_atr"": 2.25}",237,0.20037585165965094,25,0.0722563923400237,0.36,2.30568168932992,-1.184045337216793,1.0953515963304836,9.58346198226391,0.21884744515800275,F03,2021-01-01 00:00:00+00:00,2025-04-25 08:30:00+00:00,2025-04-25 08:30:00+00:00,2025-10-25 08:30:00+00:00
db48581cdd6ca6,atr_expansion_breakout,long,"{""atr_mean_window"": 48, ""atr_window"": 14, ""expansion_mult"": 1.5, ""lookback"": 96, ""rr"": 2.5, ""sl_atr"": 2.25, ""weekday_filter"": ""weekdays""}",174,0.19912027058502452,17,-0.11429449543810269,0.29411764705882354,2.351253240037959,-1.141606051886462,0.8581671833264344,8.046745284245723,0.16765284428381808,F03,2021-01-01 00:00:00+00:00,2025-04-25 08:30:00+00:00,2025-04-25 08:30:00+00:00,2025-10-25 08:30:00+00:00
863aeec0f5af83,atr_expansion_breakout,long,"{""atr_mean_window"": 48, ""atr_window"": 17, ""expansion_mult"": 1.5, ""lookback"": 96, ""rr"": 2.0, ""sl_atr"": 2.25}",184,0.1926053704268437,22,-0.24080605111460363,0.3181818181818182,1.8533862661981146,-1.2180957991938721,0.710053832764917,7.139617251772869,0.2247340136659144,F03,2021-01-01 00:00:00+00:00,2025-04-25 08:30:00+00:00,2025-04-25 08:30:00+00:00,2025-10-25 08:30:00+00:00
b4dbb83f1cf790,atr_expansion_breakout,long,"{""atr_mean_window"": 192, ""atr_window"": 14, ""expansion_mult"": 1.5, ""lookback"": 96, ""rr"": 2.0, ""sl_atr"": 1.75}",270,0.18949670977303754,30,0.05890676786012486,0.43333333333333335,1.76459006024248,-1.245439279255794,1.0834670316607309,6.991006444637399,0.2810632706448066,F03,2021-01-01 00:00:00+00:00,2025-04-25 08:30:00+00:00,2025-04-25 08:30:00+00:00,2025-10-25 08:30:00+00:00
d469d5382ce9e0,atr_expansion_breakout,long,"{""atr_mean_window"": 192, ""atr_window"": 7, ""expansion_mult"": 1.5, ""lookback"": 96, ""rr"": 2.5, ""sl_atr"": 1.75}",361,0.18462687557721574,48,0.039823885369524005,0.3541666666666667,2.2885331614601134,-1.1933392660349929,1.0516724723677846,14.533062956222508,0.23288423308733175,F03,2021-01-01 00:00:00+00:00,2025-04-25 08:30:00+00:00,2025-04-25 08:30:00+00:00,2025-10-25 08:30:00+00:00
cf6e6f8b442621,atr_expansion_breakout,long,"{""atr_mean_window"": 192, ""atr_window"": 14, ""expansion_mult"": 1.25, ""lookback"": 96, ""rr"": 2.5, ""sl_atr"": 2.25}",372,0.18390851433693295,61,-0.21131246092613218,0.2786885245901639,2.3015034452565586,-1.1821731519512626,0.7521886609800296,24.154466561774804,0.21788817297909086,F03,2021-01-01 00:00:00+00:00,2025-04-25 08:30:00+00:00,2025-04-25 08:30:00+00:00,2025-10-25 08:30:00+00:00
0e8713b75bea49,atr_expansion_breakout,long,"{""atr_mean_window"": 192, ""atr_window"": 7, ""expansion_mult"": 1.5, ""lookback"": 48, ""rr"": 2.5, ""sl_atr"": 1.75}",421,0.1757518011639348,50,0.12958762470166588,0.38,2.2915711015684077,-1.195499022410208,1.1748326799000888,14.598130626305391,0.2335722363826026,F03,2021-01-01 00:00:00+00:00,2025-04-25 08:30:00+00:00,2025-04-25 08:30:00+00:00,2025-10-25 08:30:00+00:00
0c55c7bf7ab559,atr_expansion_breakout,long,"{""atr_mean_window"": 192, ""atr_window"": 14, ""expansion_mult"": 1.75, ""lookback"": 96, ""rr"": 2.5, ""sl_atr"": 2.25}",142,0.17509718274576855,15,-0.24264948376003187,0.26666666666666666,2.334237377482982,-1.179699251484764,0.7195169368325703,7.106998392506098,0.20539167773755443,F03,2021-01-01 00:00:00+00:00,2025-04-25 08:30:00+00:00,2025-04-25 08:30:00+00:00,2025-10-25 08:30:00+00:00
746a32c45fd61c,atr_expansion_breakout,long,"{""atr_mean_window"": 192, ""atr_window"": 14, ""expansion_mult"": 1.5, ""lookback"": 48, ""rr"": 2.5, ""sl_atr"": 1.75}",300,0.17221132399991745,32,0.18501129246501963,0.40625,2.26302751027788,-1.2367892776174636,1.2519410314238282,8.426872025731281,0.27602872667868783,F03,2021-01-01 00:00:00+00:00,2025-04-25 08:30:00+00:00,2025-04-25 08:30:00+00:00,2025-10-25 08:30:00+00:00
3299c83a435c9c,atr_expansion_breakout,long,"{""atr_mean_window"": 192, ""atr_window"": 14, ""expansion_mult"": 1.5, ""lookback"": 20, ""rr"": 2.5, ""sl_atr"": 2.25}",317,0.17006775956615738,39,0.07768108185892839,0.358974358974359,2.321675057988113,-1.178955544773415,1.1027880043799434,13.177673084872751,0.20833231104862704,F03,2021-01-01 00:00:00+00:00,2025-04-25 08:30:00+00:00,2025-04-25 08:30:00+00:00,2025-10-25 08:30:00+00:00
c863b439a98aa9,atr_expansion_breakout,long,"{""atr_mean_window"": 48, ""atr_window"": 14, ""expansion_mult"": 1.5, ""lookback"": 96, ""rr"": 2.0, ""sl_atr"": 2.25, ""weekday_filter"": ""weekdays""}",186,0.1616821887774349,17,0.26779085219825316,0.47058823529411764,1.8602835060893352,-1.1477581734827085,1.4407088330536622,4.65007600044156,0.16765284428381808,F03,2021-01-01 00:00:00+00:00,2025-04-25 08:30:00+00:00,2025-04-25 08:30:00+00:00,2025-10-25 08:30:00+00:00
66d66a4af706d8,atr_expansion_breakout,long,"{""atr_mean_window"": 48, ""atr_window"": 14, ""expansion_mult"": 1.5, ""lookback"": 96, ""rr"": 2.5, ""sl_atr"": 1.75, ""weekday_filter"": ""weekdays""}",192,0.1576163842885818,18,-0.2135027925321245,0.2777777777777778,2.3307973718567894,-1.192079778835553,0.7520138698375598,9.67517902689336,0.21672714430667941,F03,2021-01-01 00:00:00+00:00,2025-04-25 08:30:00+00:00,2025-04-25 08:30:00+00:00,2025-10-25 08:30:00+00:00
0049f87d094ef0,atr_expansion_breakout,long,"{""atr_mean_window"": 192, ""atr_window"": 14, ""expansion_mult"": 1.5, ""lookback"": 96, ""rr"": 2.0, ""sl_atr"": 2.25}",245,0.15459196522707402,28,0.09917486040414282,0.42857142857142855,1.8183419226264042,-1.1902004362625531,1.1458208217871668,7.089749559889982,0.21742140361077755,F03,2021-01-01 00:00:00+00:00,2025-04-25 08:30:00+00:00,2025-04-25 08:30:00+00:00,2025-10-25 08:30:00+00:00
5f3faf86cf8684,bollinger_reentry,long,"{""atr_window"": 14, ""regime_ema"": 160, ""rr"": 2.0, ""sl_atr"": 1.75, ""std_mult"": 2.5, ""window"": 60}",138,0.151564715224895,8,0.9678635094953917,0.75,1.700202191348767,-1.2291525360647335,4.14969373156602,2.458305072129467,0.3281768893623599,F03,2021-01-01 00:00:00+00:00,2025-04-25 08:30:00+00:00,2025-04-25 08:30:00+00:00,2025-10-25 08:30:00+00:00
d910949f667cc5,atr_expansion_breakout,long,"{""atr_mean_window"": 192, ""atr_window"": 14, ""expansion_mult"": 1.5, ""lookback"": 48, ""rr"": 2.0, ""sl_atr"": 1.75}",317,0.1507844052298496,33,0.2156510922832549,0.48484848484848486,1.7680596120434944,-1.245439279255794,1.3361198198655249,4.710932061694147,0.2783714215840912,F03,2021-01-01 00:00:00+00:00,2025-04-25 08:30:00+00:00,2025-04-25 08:30:00+00:00,2025-10-25 08:30:00+00:00
0049a2440077d5,atr_expansion_breakout,long,"{""atr_mean_window"": 192, ""atr_window"": 14, ""expansion_mult"": 1.5, ""lookback"": 48, ""rr"": 2.5, ""sl_atr"": 2.25}",266,0.13765967042639407,28,0.06563179930159932,0.35714285714285715,2.3133767084844754,-1.1831153724666652,1.0862924380839172,11.9348132911952,0.21491717696355744,F03,2021-01-01 00:00:00+00:00,2025-04-25 08:30:00+00:00,2025-04-25 08:30:00+00:00,2025-10-25 08:30:00+00:00
111d9e990bb7ae,atr_expansion_breakout,long,"{""atr_mean_window"": 48, ""atr_window"": 14, ""expansion_mult"": 1.5, ""lookback"": 96, ""rr"": 2.5, ""sl_atr"": 2.25}",219,0.11660558097810156,26,-0.36818489757217987,0.23076923076923078,2.3504525458878813,-1.1837761306101982,0.5956664824816917,10.90236831193545,0.20537104785120075,F03,2021-01-01 00:00:00+00:00,2025-04-25 08:30:00+00:00,2025-04-25 08:30:00+00:00,2025-10-25 08:30:00+00:00
b4568def8970eb,atr_expansion_breakout,long,"{""atr_mean_window"": 192, ""atr_window"": 14, ""expansion_mult"": 1.5, ""lookback"": 96, ""rr"": 2.5, ""session"": ""high_liquidity"", ""sl_atr"": 1.75}",194,0.2579896587570167,18,-0.5653341859524651,0.16666666666666666,2.311954689853208,-1.1407919611135997,0.4053245058978785,11.443952641018477,0.17380592220553026,F04,2021-01-01 00:00:00+00:00,2025-10-25 08:30:00+00:00,2025-10-25 08:30:00+00:00,2026-04-25 08:30:00+00:00
db11c1e81f40a9,atr_expansion_breakout,long,"{""atr_mean_window"": 192, ""atr_window"": 14, ""expansion_mult"": 1.5, ""lookback"": 115, ""rr"": 2.5, ""sl_atr"": 1.75}",277,0.2567253898893351,34,-0.4548629306881767,0.20588235294117646,2.2885971245010395,-1.1661303524038995,0.5088110381638551,15.62278236582723,0.19974279346733004,F04,2021-01-01 00:00:00+00:00,2025-10-25 08:30:00+00:00,2025-10-25 08:30:00+00:00,2026-04-25 08:30:00+00:00
adbb7fc904ce79,atr_expansion_breakout,long,"{""atr_mean_window"": 192, ""atr_window"": 14, ""expansion_mult"": 1.5, ""lookback"": 96, ""rr"": 2.5, ""session"": ""new_york"", ""sl_atr"": 1.75}",161,0.23507403357647047,15,-0.44079562618022805,0.2,2.311954689853208,-1.128983205188587,0.511955067008064,7.879871686577528,0.1645257057142367,F04,2021-01-01 00:00:00+00:00,2025-10-25 08:30:00+00:00,2025-10-25 08:30:00+00:00,2026-04-25 08:30:00+00:00
415dd941af93e8,atr_expansion_breakout,long,"{""atr_mean_window"": 192, ""atr_window"": 14, ""expansion_mult"": 1.5, ""lookback"": 20, ""rr"": 2.5, ""sl_atr"": 1.25}",438,0.23218118276509073,62,-0.5159358055121867,0.20967741935483872,2.2337089859509636,-1.2454334032473082,0.4758316809208106,33.866561966982445,0.26860840122302554,F04,2021-01-01 00:00:00+00:00,2025-10-25 08:30:00+00:00,2025-10-25 08:30:00+00:00,2026-04-25 08:30:00+00:00
2aa159ae472cd3,atr_expansion_breakout,long,"{""atr_mean_window"": 192, ""atr_window"": 14, ""expansion_mult"": 1.5, ""lookback"": 115, ""rr"": 2.5, ""sl_atr"": 2.25}",248,0.2310059397361083,31,-0.4519314675957587,0.1935483870967742,2.321410735040635,-1.1175335962284931,0.4985430221426997,15.530090905689224,0.15119031636596986,F04,2021-01-01 00:00:00+00:00,2025-10-25 08:30:00+00:00,2025-10-25 08:30:00+00:00,2026-04-25 08:30:00+00:00
a2032f069d6c96,atr_expansion_breakout,long,"{""atr_mean_window"": 192, ""atr_window"": 14, ""expansion_mult"": 1.5, ""lookback"": 96, ""rr"": 2.75, ""sl_atr"": 1.75}",277,0.21794229916906915,35,-0.5266907796578847,0.17142857142857143,2.5538148434529817,-1.1640367706463401,0.4539164897333584,19.514320305720833,0.19306698432236422,F04,2021-01-01 00:00:00+00:00,2025-10-25 08:30:00+00:00,2025-10-25 08:30:00+00:00,2026-04-25 08:30:00+00:00
431935ee5b8306,atr_expansion_breakout,long,"{""atr_mean_window"": 192, ""atr_window"": 14, ""expansion_mult"": 1.5, ""lookback"": 77, ""rr"": 2.5, ""sl_atr"": 1.75}",294,0.213691228336629,40,-0.47591041595912725,0.2,2.294852691550118,-1.1686011928364386,0.4909400883760936,19.257685628798473,0.20107580188062196,F04,2021-01-01 00:00:00+00:00,2025-10-25 08:30:00+00:00,2025-10-25 08:30:00+00:00,2026-04-25 08:30:00+00:00
99a721e5b120ae,atr_expansion_breakout,long,"{""atr_mean_window"": 192, ""atr_window"": 14, ""expansion_mult"": 1.5, ""lookback"": 96, ""rr"": 2.5, ""sl_atr"": 1.75}",284,0.21299300013617484,37,-0.4144394101154866,0.21621621621621623,2.294852691550118,-1.161830334712895,0.5448840442081765,15.555527164706383,0.19517032002690113,F04,2021-01-01 00:00:00+00:00,2025-10-25 08:30:00+00:00,2025-10-25 08:30:00+00:00,2026-04-25 08:30:00+00:00
671dce7450cb57,atr_expansion_breakout,long,"{""atr_mean_window"": 48, ""atr_window"": 17, ""expansion_mult"": 1.5, ""lookback"": 96, ""rr"": 2.5, ""sl_atr"": 1.75}",210,0.20304737510414825,32,-0.7403532546697035,0.125,2.2881061721170517,-1.1729903156392398,0.2786658218267571,24.749621329245215,0.20797900629022226,F04,2021-01-01 00:00:00+00:00,2025-10-25 08:30:00+00:00,2025-10-25 08:30:00+00:00,2026-04-25 08:30:00+00:00
836ff872e09519,atr_expansion_breakout,long,"{""atr_mean_window"": 192, ""atr_window"": 14, ""expansion_mult"": 1.5, ""lookback"": 96, ""rr"": 2.5, ""sl_atr"": 1.25}",313,0.19651419853258456,41,-0.4919570971313277,0.21951219512195122,2.2186418925867413,-1.2543130629895345,0.49747790300676104,22.048783007611295,0.27564947868304795,F04,2021-01-01 00:00:00+00:00,2025-10-25 08:30:00+00:00,2025-10-25 08:30:00+00:00,2026-04-25 08:30:00+00:00
51ab427d075eee,atr_expansion_breakout,long,"{""atr_mean_window"": 192, ""atr_window"": 14, ""expansion_mult"": 1.5, ""lookback"": 96, ""rr"": 2.5, ""sl_atr"": 2.25}",254,0.1879966875599446,34,-0.508660011256496,0.17647058823529413,2.321410735040635,-1.1151037426058812,0.44609764858848927,18.812690163322166,0.1476876676727073,F04,2021-01-01 00:00:00+00:00,2025-10-25 08:30:00+00:00,2025-10-25 08:30:00+00:00,2026-04-25 08:30:00+00:00
5f3faf86cf8684,bollinger_reentry,long,"{""atr_window"": 14, ""regime_ema"": 160, ""rr"": 2.0, ""sl_atr"": 1.75, ""std_mult"": 2.5, ""window"": 60}",147,0.18561298681226018,15,-0.45221497130519,0.26666666666666666,1.6317832322709838,-1.210032499878344,0.49037998639331576,7.198028212742079,0.2944484459788738,F04,2021-01-01 00:00:00+00:00,2025-10-25 08:30:00+00:00,2025-10-25 08:30:00+00:00,2026-04-25 08:30:00+00:00
8be2d31b7ea385,atr_expansion_breakout,long,"{""atr_mean_window"": 192, ""atr_window"": 14, ""expansion_mult"": 1.5, ""lookback"": 77, ""rr"": 2.5, ""sl_atr"": 2.25}",263,0.18322090742023972,37,-0.563245866465358,0.16216216216216217,2.321410735040635,-1.1215664990149052,0.4006051392858881,22.358346839819554,0.15298660044280843,F04,2021-01-01 00:00:00+00:00,2025-10-25 08:30:00+00:00,2025-10-25 08:30:00+00:00,2026-04-25 08:30:00+00:00
b4dbb83f1cf790,atr_expansion_breakout,long,"{""atr_mean_window"": 192, ""atr_window"": 14, ""expansion_mult"": 1.5, ""lookback"": 96, ""rr"": 2.0, ""sl_atr"": 1.75}",301,0.17206564356847548,39,-0.402695371822272,0.2564102564102564,1.7958384510512668,-1.1608104831579755,0.5334674757664689,17.83455158980566,0.19625702212986038,F04,2021-01-01 00:00:00+00:00,2025-10-25 08:30:00+00:00,2025-10-25 08:30:00+00:00,2026-04-25 08:30:00+00:00
746a32c45fd61c,atr_expansion_breakout,long,"{""atr_mean_window"": 192, ""atr_window"": 14, ""expansion_mult"": 1.5, ""lookback"": 48, ""rr"": 2.5, ""sl_atr"": 1.75}",333,0.16950210990523454,44,-0.6156326284867508,0.1590909090909091,2.2975998641509787,-1.1667847216884835,0.3725460638110491,27.30910464385041,0.19755804084270095,F04,2021-01-01 00:00:00+00:00,2025-10-25 08:30:00+00:00,2025-10-25 08:30:00+00:00,2026-04-25 08:30:00+00:00
0e8713b75bea49,atr_expansion_breakout,long,"{""atr_mean_window"": 192, ""atr_window"": 7, ""expansion_mult"": 1.5, ""lookback"": 48, ""rr"": 2.5, ""sl_atr"": 1.75}",472,0.16809802575514773,58,-0.4141177700420291,0.20689655172413793,2.3248361860433797,-1.1286274977164836,0.5373597633248034,29.261118567203685,0.16154240307558054,F04,2021-01-01 00:00:00+00:00,2025-10-25 08:30:00+00:00,2025-10-25 08:30:00+00:00,2026-04-25 08:30:00+00:00
d469d5382ce9e0,atr_expansion_breakout,long,"{""atr_mean_window"": 192, ""atr_window"": 7, ""expansion_mult"": 1.5, ""lookback"": 96, ""rr"": 2.5, ""sl_atr"": 1.75}",410,0.1644712858840047,47,-0.31586831041035873,0.23404255319148937,2.3284392305369503,-1.1238511701442588,0.6330620651244625,21.25484148456422,0.15768617955536493,F04,2021-01-01 00:00:00+00:00,2025-10-25 08:30:00+00:00,2025-10-25 08:30:00+00:00,2026-04-25 08:30:00+00:00
db48581cdd6ca6,atr_expansion_breakout,long,"{""atr_mean_window"": 48, ""atr_window"": 14, ""expansion_mult"": 1.5, ""lookback"": 96, ""rr"": 2.5, ""sl_atr"": 2.25, ""weekday_filter"": ""weekdays""}",192,0.16446501113077652,29,-0.40150107782653466,0.20689655172413793,2.3333520663894416,-1.1149410284915715,0.5459486407829477,15.473542766429208,0.1468212116952717,F04,2021-01-01 00:00:00+00:00,2025-10-25 08:30:00+00:00,2025-10-25 08:30:00+00:00,2026-04-25 08:30:00+00:00
c863b439a98aa9,atr_expansion_breakout,long,"{""atr_mean_window"": 48, ""atr_window"": 14, ""expansion_mult"": 1.5, ""lookback"": 96, ""rr"": 2.0, ""sl_atr"": 2.25, ""weekday_filter"": ""weekdays""}",204,0.16420927979282232,30,-0.5245854116163533,0.2,1.8337019964034205,-1.1141572636212966,0.41145493016924267,18.418481157046397,0.14569324237825684,F04,2021-01-01 00:00:00+00:00,2025-10-25 08:30:00+00:00,2025-10-25 08:30:00+00:00,2026-04-25 08:30:00+00:00
3299c83a435c9c,atr_expansion_breakout,long,"{""atr_mean_window"": 192, ""atr_window"": 14, ""expansion_mult"": 1.5, ""lookback"": 20, ""rr"": 2.5, ""sl_atr"": 2.25}",357,0.15639398872452714,50,-0.3549158326414393,0.22,2.3393692239268855,-1.1148423870581463,0.5918523519194798,19.26404141267327,0.14593995677956748,F04,2021-01-01 00:00:00+00:00,2025-10-25 08:30:00+00:00,2025-10-25 08:30:00+00:00,2026-04-25 08:30:00+00:00
d910949f667cc5,atr_expansion_breakout,long,"{""atr_mean_window"": 192, ""atr_window"": 14, ""expansion_mult"": 1.5, ""lookback"": 48, ""rr"": 2.0, ""sl_atr"": 1.75}",351,0.15320679926722777,46,-0.5862491798858298,0.1956521739130435,1.7980457885727317,-1.1662128208622369,0.3750280234347991,29.096894363485223,0.1985890193424426,F04,2021-01-01 00:00:00+00:00,2025-10-25 08:30:00+00:00,2025-10-25 08:30:00+00:00,2026-04-25 08:30:00+00:00
7db4b0aa60e888,atr_expansion_breakout,long,"{""atr_mean_window"": 230, ""atr_window"": 14, ""expansion_mult"": 1.5, ""lookback"": 96, ""rr"": 2.5, ""sl_atr"": 2.25}",251,0.15178522266178351,32,-0.5707595250431661,0.15625,2.353828270882278,-1.1123498576219522,0.3918678293979732,23.24427621826517,0.13762631049699944,F04,2021-01-01 00:00:00+00:00,2025-10-25 08:30:00+00:00,2025-10-25 08:30:00+00:00,2026-04-25 08:30:00+00:00
80a8e2ecfb3574,bollinger_reentry,long,"{""atr_window"": 14, ""regime_ema"": 160, ""rr"": 2.5, ""sl_atr"": 1.25, ""std_mult"": 2.5, ""window"": 60}",159,0.14757035310392963,16,-0.4760960755634692,0.25,1.9852700323541148,-1.2965514448693307,0.5103975473322347,7.758779168915787,0.40393814226027613,F04,2021-01-01 00:00:00+00:00,2025-10-25 08:30:00+00:00,2025-10-25 08:30:00+00:00,2026-04-25 08:30:00+00:00
0049f87d094ef0,atr_expansion_breakout,long,"{""atr_mean_window"": 192, ""atr_window"": 14, ""expansion_mult"": 1.5, ""lookback"": 96, ""rr"": 2.0, ""sl_atr"": 2.25}",274,0.14431948748771645,35,-0.3563063293305488,0.2571428571428571,1.833475050412006,-1.11430757616451,0.5695594772062598,15.150913078539826,0.1492280866885953,F04,2021-01-01 00:00:00+00:00,2025-10-25 08:30:00+00:00,2025-10-25 08:30:00+00:00,2026-04-25 08:30:00+00:00
863aeec0f5af83,atr_expansion_breakout,long,"{""atr_mean_window"": 48, ""atr_window"": 17, ""expansion_mult"": 1.5, ""lookback"": 96, ""rr"": 2.0, ""sl_atr"": 2.25}",207,0.14022035496707985,30,-0.3379741913647483,0.26666666666666666,1.8168642643915387,-1.1215518116397618,0.5890748046300719,17.860121537771935,0.16115198790453264,F04,2021-01-01 00:00:00+00:00,2025-10-25 08:30:00+00:00,2025-10-25 08:30:00+00:00,2026-04-25 08:30:00+00:00
0c55c7bf7ab559,atr_expansion_breakout,long,"{""atr_mean_window"": 192, ""atr_window"": 14, ""expansion_mult"": 1.75, ""lookback"": 96, ""rr"": 2.5, ""sl_atr"": 2.25}",157,0.13518508085030986,17,-0.7222440173923177,0.11764705882352941,2.2678080709134125,-1.120917629166415,0.2697561369250534,12.2781482956694,0.15684210117098493,F04,2021-01-01 00:00:00+00:00,2025-10-25 08:30:00+00:00,2025-10-25 08:30:00+00:00,2026-04-25 08:30:00+00:00
12d8ee1fc12170,atr_expansion_breakout,long,"{""atr_mean_window"": 48, ""atr_window"": 17, ""expansion_mult"": 1.5, ""lookback"": 96, ""rr"": 2.5, ""sl_atr"": 2.25}",198,0.13338127683458945,29,-0.6538226545303922,0.13793103448275862,2.2785953468691726,-1.1230095347543227,0.3246412823902022,21.34491455134443,0.15978578836501436,F04,2021-01-01 00:00:00+00:00,2025-10-25 08:30:00+00:00,2025-10-25 08:30:00+00:00,2026-04-25 08:30:00+00:00
0049a2440077d5,atr_expansion_breakout,long,"{""atr_mean_window"": 192, ""atr_window"": 14, ""expansion_mult"": 1.5, ""lookback"": 48, ""rr"": 2.5, ""sl_atr"": 2.25}",295,0.12659923631712128,41,-0.6171477820618008,0.14634146341463414,2.321410735040635,-1.120900670707933,0.3550324630956166,26.82130884513514,0.15131599900995377,F04,2021-01-01 00:00:00+00:00,2025-10-25 08:30:00+00:00,2025-10-25 08:30:00+00:00,2026-04-25 08:30:00+00:00
cf6e6f8b442621,atr_expansion_breakout,long,"{""atr_mean_window"": 192, ""atr_window"": 14, ""expansion_mult"": 1.25, ""lookback"": 96, ""rr"": 2.5, ""sl_atr"": 2.25}",434,0.12533932878947757,55,-0.3700297339164842,0.21818181818181817,2.3381930417974814,-1.1258128341157303,0.5795981078161366,23.512800403747505,0.1561549866218981,F04,2021-01-01 00:00:00+00:00,2025-10-25 08:30:00+00:00,2025-10-25 08:30:00+00:00,2026-04-25 08:30:00+00:00
00b24c966bb14c,bollinger_reentry,long,"{""atr_window"": 14, ""regime_ema"": 160, ""rr"": 1.5, ""sl_atr"": 2.25, ""std_mult"": 2.5, ""window"": 60}",143,0.11867302027223335,13,-0.043738307490681125,0.46153846153846156,1.2573850904687154,-1.1589869343130208,0.9299144080619135,3.3295810694910206,0.2304164655361866,F04,2021-01-01 00:00:00+00:00,2025-10-25 08:30:00+00:00,2025-10-25 08:30:00+00:00,2026-04-25 08:30:00+00:00
b4568def8970eb,atr_expansion_breakout,long,"{""atr_mean_window"": 192, ""atr_window"": 14, ""expansion_mult"": 1.5, ""lookback"": 96, ""rr"": 2.5, ""session"": ""high_liquidity"", ""sl_atr"": 1.75}",212,0.18808480401753244,8,-0.9288888004592146,0.125,2.2443714992099673,-1.3822117004119552,0.23196482839175728,7.431110403673717,0.21198959701185877,F05,2021-01-01 00:00:00+00:00,2026-04-25 08:30:00+00:00,2026-04-25 08:30:00+00:00,2026-07-11 06:15:00.000001+00:00
db11c1e81f40a9,atr_expansion_breakout,long,"{""atr_mean_window"": 192, ""atr_window"": 14, ""expansion_mult"": 1.5, ""lookback"": 115, ""rr"": 2.5, ""sl_atr"": 1.75}",312,0.18568463560504958,14,-1.038392400448579,0.07142857142857142,2.2443714992099673,-1.2909127004223133,0.13373790607312988,14.537493606280107,0.21369623923822528,F05,2021-01-01 00:00:00+00:00,2026-04-25 08:30:00+00:00,2026-04-25 08:30:00+00:00,2026-07-11 06:15:00.000001+00:00
adbb7fc904ce79,atr_expansion_breakout,long,"{""atr_mean_window"": 192, ""atr_window"": 14, ""expansion_mult"": 1.5, ""lookback"": 96, ""rr"": 2.5, ""session"": ""new_york"", ""sl_atr"": 1.75}",176,0.17747150575629733,7,-0.8970564008773579,0.14285714285714285,2.2443714992099673,-1.420627717558579,0.2633074885923238,6.2793948061415055,0.21686828550942674,F05,2021-01-01 00:00:00+00:00,2026-04-25 08:30:00+00:00,2026-04-25 08:30:00+00:00,2026-07-11 06:15:00.000001+00:00
2aa159ae472cd3,atr_expansion_breakout,long,"{""atr_mean_window"": 192, ""atr_window"": 14, ""expansion_mult"": 1.5, ""lookback"": 115, ""rr"": 2.5, ""sl_atr"": 2.25}",280,0.1504115138858383,13,-0.9433552921225251,0.07692307692307693,2.300789021592192,-1.2137006515987514,0.15797339995941817,12.263618797592827,0.16520234636847386,F05,2021-01-01 00:00:00+00:00,2026-04-25 08:30:00+00:00,2026-04-25 08:30:00+00:00,2026-07-11 06:15:00.000001+00:00
99a721e5b120ae,atr_expansion_breakout,long,"{""atr_mean_window"": 192, ""atr_window"": 14, ""expansion_mult"": 1.5, ""lookback"": 96, ""rr"": 2.5, ""sl_atr"": 1.75}",322,0.1473346795566097,13,-1.0253120301256378,0.07692307692307693,2.2443714992099673,-1.2977856575702715,0.14411544554873465,13.32905639163329,0.21136351015694255,F05,2021-01-01 00:00:00+00:00,2026-04-25 08:30:00+00:00,2026-04-25 08:30:00+00:00,2026-07-11 06:15:00.000001+00:00
415dd941af93e8,atr_expansion_breakout,long,"{""atr_mean_window"": 192, ""atr_window"": 14, ""expansion_mult"": 1.5, ""lookback"": 20, ""rr"": 2.5, ""sl_atr"": 1.25}",501,0.1435298525016784,19,-1.0036690630250429,0.10526315789473684,2.233621854039753,-1.3845268179738424,0.18979700374189523,20.167402542984636,0.2828139243480075,F05,2021-01-01 00:00:00+00:00,2026-04-25 08:30:00+00:00,2026-04-25 08:30:00+00:00,2026-07-11 06:15:00.000001+00:00
a2032f069d6c96,atr_expansion_breakout,long,"{""atr_mean_window"": 192, ""atr_window"": 14, ""expansion_mult"": 1.5, ""lookback"": 96, ""rr"": 2.75, ""sl_atr"": 1.75}",313,0.1420820369636641,13,-1.0060947197415577,0.07692307692307693,2.494196534203008,-1.2977856575702715,0.16015719542834408,13.07923135664025,0.21136351015694255,F05,2021-01-01 00:00:00+00:00,2026-04-25 08:30:00+00:00,2026-04-25 08:30:00+00:00,2026-07-11 06:15:00.000001+00:00
431935ee5b8306,atr_expansion_breakout,long,"{""atr_mean_window"": 192, ""atr_window"": 14, ""expansion_mult"": 1.5, ""lookback"": 77, ""rr"": 2.5, ""sl_atr"": 1.75}",335,0.1375367684938254,13,-1.0253120301256378,0.07692307692307693,2.2443714992099673,-1.2977856575702715,0.14411544554873465,13.32905639163329,0.21136351015694255,F05,2021-01-01 00:00:00+00:00,2026-04-25 08:30:00+00:00,2026-04-25 08:30:00+00:00,2026-07-11 06:15:00.000001+00:00
5f3faf86cf8684,bollinger_reentry,long,"{""atr_window"": 14, ""regime_ema"": 160, ""rr"": 2.0, ""sl_atr"": 1.75, ""std_mult"": 2.5, ""window"": 60}",162,0.12655484254526436,2,0.1876167026170258,0.5,1.755825805290893,-1.3805924000568415,1.2717915912173663,1.3805924000568415,0.3640813962665068,F05,2021-01-01 00:00:00+00:00,2026-04-25 08:30:00+00:00,2026-04-25 08:30:00+00:00,2026-07-11 06:15:00.000001+00:00
836ff872e09519,atr_expansion_breakout,long,"{""atr_mean_window"": 192, ""atr_window"": 14, ""expansion_mult"": 1.5, ""lookback"": 96, ""rr"": 2.5, ""sl_atr"": 1.25}",355,0.12264738352760918,13,-1.1740814209524433,0.07692307692307693,2.142819958921929,-1.4504898692753072,0.12310898110538125,15.263058472381761,0.29590891421971954,F05,2021-01-01 00:00:00+00:00,2026-04-25 08:30:00+00:00,2026-04-25 08:30:00+00:00,2026-07-11 06:15:00.000001+00:00
d469d5382ce9e0,atr_expansion_breakout,long,"{""atr_mean_window"": 192, ""atr_window"": 7, ""expansion_mult"": 1.5, ""lookback"": 96, ""rr"": 2.5, ""sl_atr"": 1.75}",459,0.11695438644938742,21,-0.8670536436547125,0.09523809523809523,2.30142981617052,-1.2005782183731581,0.20178257977350358,18.208126516748962,0.1821462870772901,F05,2021-01-01 00:00:00+00:00,2026-04-25 08:30:00+00:00,2026-04-25 08:30:00+00:00,2026-07-11 06:15:00.000001+00:00
b4dbb83f1cf790,atr_expansion_breakout,long,"{""atr_mean_window"": 192, ""atr_window"": 14, ""expansion_mult"": 1.5, ""lookback"": 96, ""rr"": 2.0, ""sl_atr"": 1.75}",341,0.11106452227532011,13,-1.0637466508937925,0.07692307692307693,1.744721429223957,-1.2977856575702715,0.1120319457895204,13.828706461619301,0.21136351015694255,F05,2021-01-01 00:00:00+00:00,2026-04-25 08:30:00+00:00,2026-04-25 08:30:00+00:00,2026-07-11 06:15:00.000001+00:00
0e8713b75bea49,atr_expansion_breakout,long,"{""atr_mean_window"": 192, ""atr_window"": 7, ""expansion_mult"": 1.5, ""lookback"": 48, ""rr"": 2.5, ""sl_atr"": 1.75}",532,0.10604903054719139,25,-0.9163871008197549,0.08,2.30142981617052,-1.1961972675145613,0.16730044222281978,22.909677520493865,0.18587640300223462,F05,2021-01-01 00:00:00+00:00,2026-04-25 08:30:00+00:00,2026-04-25 08:30:00+00:00,2026-07-11 06:15:00.000001+00:00
00b24c966bb14c,bollinger_reentry,long,"{""atr_window"": 14, ""regime_ema"": 160, ""rr"": 1.5, ""sl_atr"": 2.25, ""std_mult"": 2.5, ""window"": 60}",156,0.10513874296119198,2,0.007132415928246871,0.5,1.3101256185611412,-1.2958607867046474,1.0110079971574486,1.2958607867046474,0.28317441931839415,F05,2021-01-01 00:00:00+00:00,2026-04-25 08:30:00+00:00,2026-04-25 08:30:00+00:00,2026-07-11 06:15:00.000001+00:00
51ab427d075eee,atr_expansion_breakout,long,"{""atr_mean_window"": 192, ""atr_window"": 14, ""expansion_mult"": 1.5, ""lookback"": 96, ""rr"": 2.5, ""sl_atr"": 2.25}",289,0.10135759372475238,12,-0.9251380407024415,0.08333333333333333,2.300789021592192,-1.218404137274681,0.17166934346957868,11.101656488429299,0.16315298614858464,F05,2021-01-01 00:00:00+00:00,2026-04-25 08:30:00+00:00,2026-04-25 08:30:00+00:00,2026-07-11 06:15:00.000001+00:00
0049f87d094ef0,atr_expansion_breakout,long,"{""atr_mean_window"": 192, ""atr_window"": 14, ""expansion_mult"": 1.5, ""lookback"": 96, ""rr"": 2.0, ""sl_atr"": 2.25}",310,0.09324627352880481,12,-0.7169505115416057,0.16666666666666666,1.8343630924615884,-1.2272132323422444,0.29894773689174536,8.603406138499267,0.16315298614858464,F05,2021-01-01 00:00:00+00:00,2026-04-25 08:30:00+00:00,2026-04-25 08:30:00+00:00,2026-07-11 06:15:00.000001+00:00
80a8e2ecfb3574,bollinger_reentry,long,"{""atr_window"": 14, ""regime_ema"": 160, ""rr"": 2.5, ""sl_atr"": 1.25, ""std_mult"": 2.5, ""window"": 60}",175,0.0905494224869776,2,-1.4361468542885922,0.0,,-1.4361468542885922,0.0,2.8722937085771845,0.5097139547731095,F05,2021-01-01 00:00:00+00:00,2026-04-25 08:30:00+00:00,2026-04-25 08:30:00+00:00,2026-07-11 06:15:00.000001+00:00
3299c83a435c9c,atr_expansion_breakout,long,"{""atr_mean_window"": 192, ""atr_window"": 14, ""expansion_mult"": 1.5, ""lookback"": 20, ""rr"": 2.5, ""sl_atr"": 2.25}",408,0.0904962957635603,16,-0.9738031652039641,0.0625,2.300789021592192,-1.1921093109903746,0.1286676761591465,15.580850643263428,0.1575142058606644,F05,2021-01-01 00:00:00+00:00,2026-04-25 08:30:00+00:00,2026-04-25 08:30:00+00:00,2026-07-11 06:15:00.000001+00:00
db48581cdd6ca6,atr_expansion_breakout,long,"{""atr_mean_window"": 48, ""atr_window"": 14, ""expansion_mult"": 1.5, ""lookback"": 96, ""rr"": 2.5, ""sl_atr"": 2.25, ""weekday_filter"": ""weekdays""}",221,0.09019796778343699,10,-1.2237352171758116,0.0,,-1.2237352171758116,0.0,12.237352171758115,0.1533989447191655,F05,2021-01-01 00:00:00+00:00,2026-04-25 08:30:00+00:00,2026-04-25 08:30:00+00:00,2026-07-11 06:15:00.000001+00:00
8be2d31b7ea385,atr_expansion_breakout,long,"{""atr_mean_window"": 192, ""atr_window"": 14, ""expansion_mult"": 1.5, ""lookback"": 77, ""rr"": 2.5, ""sl_atr"": 2.25}",301,0.08698547482143909,12,-0.9251380407024415,0.08333333333333333,2.300789021592192,-1.218404137274681,0.17166934346957868,11.101656488429299,0.16315298614858464,F05,2021-01-01 00:00:00+00:00,2026-04-25 08:30:00+00:00,2026-04-25 08:30:00+00:00,2026-07-11 06:15:00.000001+00:00
746a32c45fd61c,atr_expansion_breakout,long,"{""atr_mean_window"": 192, ""atr_window"": 14, ""expansion_mult"": 1.5, ""lookback"": 48, ""rr"": 2.5, ""sl_atr"": 1.75}",378,0.08370999972977176,14,-1.0362041624618439,0.07142857142857142,2.2443714992099673,-1.2885561364365985,0.1339824914071056,14.506858274465815,0.211142997101686,F05,2021-01-01 00:00:00+00:00,2026-04-25 08:30:00+00:00,2026-04-25 08:30:00+00:00,2026-07-11 06:15:00.000001+00:00
863aeec0f5af83,atr_expansion_breakout,long,"{""atr_mean_window"": 48, ""atr_window"": 17, ""expansion_mult"": 1.5, ""lookback"": 96, ""rr"": 2.0, ""sl_atr"": 2.25}",237,0.07968965257593844,10,-0.9587813561998282,0.1,1.8600486772932092,-1.2719846932546102,0.16248000180410344,9.587813561998281,0.17921204589850068,F05,2021-01-01 00:00:00+00:00,2026-04-25 08:30:00+00:00,2026-04-25 08:30:00+00:00,2026-07-11 06:15:00.000001+00:00
671dce7450cb57,atr_expansion_breakout,long,"{""atr_mean_window"": 48, ""atr_window"": 17, ""expansion_mult"": 1.5, ""lookback"": 96, ""rr"": 2.5, ""sl_atr"": 1.75}",242,0.07830050275464781,10,-1.361200333110459,0.0,,-1.361200333110459,0.0,13.612003331104589,0.23041548758378658,F05,2021-01-01 00:00:00+00:00,2026-04-25 08:30:00+00:00,2026-04-25 08:30:00+00:00,2026-07-11 06:15:00.000001+00:00
c863b439a98aa9,atr_expansion_breakout,long,"{""atr_mean_window"": 48, ""atr_window"": 14, ""expansion_mult"": 1.5, ""lookback"": 96, ""rr"": 2.0, ""sl_atr"": 2.25, ""weekday_filter"": ""weekdays""}",234,0.07590226807369725,10,-0.9239451751842103,0.1,1.8675872333169656,-1.234115442795452,0.16814447449157122,9.239451751842102,0.1533989447191655,F05,2021-01-01 00:00:00+00:00,2026-04-25 08:30:00+00:00,2026-04-25 08:30:00+00:00,2026-07-11 06:15:00.000001+00:00
d910949f667cc5,atr_expansion_breakout,long,"{""atr_mean_window"": 192, ""atr_window"": 14, ""expansion_mult"": 1.5, ""lookback"": 48, ""rr"": 2.0, ""sl_atr"": 1.75}",398,0.0718454451027398,14,-1.0718934531751303,0.07142857142857142,1.744721429223957,-1.2885561364365985,0.10415482640956615,15.006508344451825,0.211142997101686,F05,2021-01-01 00:00:00+00:00,2026-04-25 08:30:00+00:00,2026-04-25 08:30:00+00:00,2026-07-11 06:15:00.000001+00:00
7db4b0aa60e888,atr_expansion_breakout,long,"{""atr_mean_window"": 230, ""atr_window"": 14, ""expansion_mult"": 1.5, ""lookback"": 96, ""rr"": 2.5, ""sl_atr"": 2.25}",284,0.06573736766082651,10,-1.2303820484131207,0.0,,-1.2303820484131207,0.0,12.303820484131206,0.16115448579488906,F05,2021-01-01 00:00:00+00:00,2026-04-25 08:30:00+00:00,2026-04-25 08:30:00+00:00,2026-07-11 06:15:00.000001+00:00
cf6e6f8b442621,atr_expansion_breakout,long,"{""atr_mean_window"": 192, ""atr_window"": 14, ""expansion_mult"": 1.25, ""lookback"": 96, ""rr"": 2.5, ""sl_atr"": 2.25}",491,0.06449608294302253,18,-0.8064355385109547,0.1111111111111111,2.307026254893466,-1.1956182626865075,0.24119594929380597,14.515839693197186,0.1681416012598674,F05,2021-01-01 00:00:00+00:00,2026-04-25 08:30:00+00:00,2026-04-25 08:30:00+00:00,2026-07-11 06:15:00.000001+00:00
671e4e7e00baf9,bollinger_reentry,long,"{""atr_window"": 14, ""regime_ema"": 160, ""rr"": 2.5, ""sl_atr"": 1.75, ""std_mult"": 2.5, ""window"": 60}",160,0.06069588996183728,2,0.4374417376100388,0.5,2.255475875276919,-1.3805924000568415,1.6337015003009268,1.3805924000568415,0.3640813962665068,F05,2021-01-01 00:00:00+00:00,2026-04-25 08:30:00+00:00,2026-04-25 08:30:00+00:00,2026-07-11 06:15:00.000001+00:00
d4144b222f8101,atr_expansion_breakout,long,"{""atr_mean_window"": 48, ""atr_window"": 14, ""expansion_mult"": 1.5, ""lookback"": 20, ""rr"": 2.0, ""sl_atr"": 2.25}",350,0.05433015906536665,16,-1.000851087904032,0.0625,1.8675872333169656,-1.192080309318765,0.10444415076834494,16.013617406464512,0.15263672914910298,F05,2021-01-01 00:00:00+00:00,2026-04-25 08:30:00+00:00,2026-04-25 08:30:00+00:00,2026-07-11 06:15:00.000001+00:00
0c55c7bf7ab559,atr_expansion_breakout,long,"{""atr_mean_window"": 192, ""atr_window"": 14, ""expansion_mult"": 1.75, ""lookback"": 96, ""rr"": 2.5, ""sl_atr"": 2.25}",175,0.044465918438729435,4,-1.1361676275095487,0.0,,-1.1361676275095487,0.0,4.544670510038195,0.1596973630939737,F05,2021-01-01 00:00:00+00:00,2026-04-25 08:30:00+00:00,2026-04-25 08:30:00+00:00,2026-07-11 06:15:00.000001+00:00
